<?xml version='1.0' encoding='ISO-8859-1' ?>
<ftstdata>
<topic name="Viewing Morbidity Reports" url="prc_ViewingMorbReports.htm" />
<topic name="Viewing Observations" url="prc_ViewingObservationsLab_Results.htm" />
<topic name="Viewing Organization Information" url="prc_ViewingOrganizationInformation.htm" />
<topic name="Viewing Permission Sets" url="prc_ViewingPermissionSets.htm" />
<topic name="Viewing Person Information" url="prc_ViewingPersonInformation.htm" />
<topic name="Viewing Provider Information" url="prc_ViewingProviderInformation.htm" />
<topic name="Viewing and Selecting Reports" url="prc_ViewingReports.htm" />
<topic name="Viewing Summary Data" url="prc_ViewingSummaryData.htm" />
<topic name="Viewing Treatments" url="prc_ViewingTreatments.htm" />
<topic name="Viewing Vaccination Records" url="prc_ViewingVaccinationRecords.htm" />
<topic name="Viewing Workups" url="prc_ViewingWorkups.htm" />
<topic name="Adding Observations - Popup" url="ref_AddingObservations.htm" />
<topic name="Add Investigation Page - Popup Small" url="ref_AddInvestigationPopUpSmall.htm" />
<topic name="Add Vaccination Page" url="ref_AddVaccination.htm" />
<topic name="Batch Deduplication" url="ref_BatchDeduplication.htm" />
<topic name="Add Investigation Page - Popup" url="ref_CreateInvestigation.htm" />
<topic name="Add Investigation Page - Buttons" url="ref_CreateInvestigationButtons.htm" />
<topic name="Editing Observations - Popup" url="ref_EditingObservations.htm" />
<topic name="Edit Investigation Page - Popup" url="ref_EditInvestigation.htm" />
<topic name="Edit Vaccination Page" url="ref_EditVaccination.htm" />
<topic name="Entering a Case from Electronic Lab Reports" url="ref_EnteringCasefromELR.htm" />
<topic name="Entering a Case from Paper-Based Observations" url="ref_EnteringCasefromPapeObservations.htm" />
<topic name="Foodborne Conditions - Add Popup" url="ref_FBAddInvestigations.htm" />
<topic name="Foodborne Conditions - Edit Popup" url="ref_FBEditInvestigations.htm" />
<topic name="Foodborne Condition - View Popup" url="ref_FBViewInvestigations.htm" />
<topic name="Add Investigation Page - Hepatitis, Buttons" url="ref_HepatitisButtons.htm" />
<topic name="Condition Specific Tabs" url="ref_HepConditionSpecificTabs.htm" />
<topic name="ref_HepConditionSpecificTabsAdd" url="ref_HepConditionSpecificTabsAdd.htm" />
<topic name="ref_HepConditionSpecificTabsEdit" url="ref_HepConditionSpecificTabsEdit.htm" />
<topic name="Important Notice" url="ref_ImportantNotice.htm" />
<topic name="Known Issues" url="ref_KnownIssues.htm" />
<topic name="Locally Defined Fields" url="ref_LDFs.htm" />
<topic name="Operators" url="ref_Operators.htm" />
<topic name="Release Notes" url="ref_ReleaseNotes.htm" />
<topic name="Standard Reports" url="ref_StandardReports.htm" />
<topic name="Add Vaccination Page - Buttons" url="ref_VaccinationButtons.htm" />
<topic name="Viewing Observations - Popup" url="ref_ViewingObservations.htm" />
<topic name="View Investigation Page - Popup" url="ref_ViewInvestigation.htm" />
<topic name="View Investigation Page - Buttons" url="ref_ViewInvestigationButtons.htm" />
<topic name="View Investigation Page - Popup Small" url="ref_ViewInvestigationPopUpSmall.htm" />
<topic name="View Vaccination Page" url="ref_ViewVacciPage.htm" />

</ftstdata>  
