<?xml version='1.0' encoding='ISO-8859-1' ?>
<ftstdata>
<topic name="Morbidity and Mortality Weekly Reports (MMWR)" url="gloss_MMWR.htm" />
<topic name="National Electronic Telecommunications System for Surveillance (NETSS)" url="gloss_NETSS.htm" />
<topic name="Program Area Module" url="gloss_PAM.htm" />
<topic name="Adding Observations" url="ovr_AddingObservations.htm" />
<topic name="Administering Permission Sets" url="ovr_AdministeringPermissionSets.htm" />
<topic name="Administering Users" url="ovr_AdministeringUsers.htm" />
<topic name="Administering Users and Permission Sets" url="ovr_AdministeringUsersRolesPermissionSets.htm" />
<topic name="Contents Tab" url="ovr_ContentsTab.htm" />
<topic name="Editing and Adding Organizations" url="ovr_EditingAddingOrganizations.htm" />
<topic name="Editing and Adding Persons" url="ovr_EditingAddingPersons.htm" />
<topic name="Working with ELR Activity Information" url="ovr_ELRActivityLog.htm" />
<topic name="Entering Case Reports" url="ovr_EnteringCaseReports.htm" />
<topic name="Searching and Viewing Organizations" url="ovr_FindingViewingOrganizations.htm" />
<topic name="Getting Help" url="ovr_GettingHelp.htm" />
<topic name="Glossary Tab" url="ovr_GlossaryTab.htm" />
<topic name="Quick Links" url="ovr_helphome.htm" />
<topic name="Index Tab" url="ovr_IndexTab.htm" />
<topic name="Other Support Options" url="ovr_NBSSupport.htm" />
<topic name="Online Help" url="ovr_OnlineHelp.htm" />
<topic name="Overview" url="ovr_overview.htm" />
<topic name="Reviewing Lab Reports" url="ovr_ReviewingLabReports.htm" />
<topic name="Searching and Viewing Persons" url="ovr_SearchingandViewingPersons.htm" />
<topic name="Search Tab" url="ovr_SearchTab.htm" />
<topic name="Searching and Viewing Provider Information" url="ovr_SearchViewProviders.htm" />
<topic name="Working with Summary Data" url="ovr_SummaryData.htm" />
<topic name="Which Conditions does the NBS Support?" url="ovr_SupportedConditions.htm" />
<topic name="Understanding NBS Security" url="ovr_UnderstandingNBSSecurity.htm" />
<topic name="What is NEDSS?" url="ovr_WhatisNEDSS.htm" />
<topic name="What is the NEDSS Base System?" url="ovr_WhatistheBaseSystem.htm" />
<topic name="Entering Data" url="ovr_WorkingWithDemographics.htm" />
<topic name="Working with Investigations" url="ovr_WorkingWithInvestigations.htm" />
<topic name="Working with Person Files" url="ovr_WorkingWithInvestigationsNotifications.htm" />
<topic name="Working with Merged Records" url="ovr_WorkingWithMergedRecords.htm" />
<topic name="Working with Notifications" url="ovr_WorkingWithNotifications.htm" />
<topic name="Working with Observations" url="ovr_WorkingWithObservations.htm" />
<topic name="Working with Reports" url="ovr_WorkingWithReports.htm" />
<topic name="Working with Vaccinations" url="ovr_WorkingWithVaccinationRecords.htm" />
<topic name="Add Investigation Page - Mumps" url="pag_AddInvestigationMumps.htm" />
<topic name="Patient Tab, Add Investigation Page" url="pag_AddInvestigationPatient.htm" />
<topic name="Add Investigation Page - Tetanus" url="pag_AddInvestigationTetanus.htm" />
<topic name="Add Lab Report Page" url="pag_AddLabReport.htm" />
<topic name="Report Information Tab - Add Lab Report Page" url="pag_AddLabReportReportInfoTab.htm" />
<topic name="Add Morbidity Report Page" url="pag_AddMorbReport.htm" />
<topic name="Add Observation - Lab Report Page" url="pag_AddObservationLabResults.htm" />
<topic name="Add Observation - Lab Report Page, Lab Order Information Tab" url="pag_AddObservationLabResultsLabOrderInfoTab.htm" />
<topic name="Add Observation - Lab Report Page, Results Tab" url="pag_AddObservationLabResultsResultsTab.htm" />
<topic name="Add Observation - Morbidity Report Page" url="pag_AddObservationMorbidityReport.htm" />
<topic name="Add Organization Page" url="pag_AddOrganization.htm" />
<topic name="Add Outbreak Page" url="pag_AddOutbreakName.htm" />
<topic name="Add Person - Basic Page" url="pag_AddPerson.htm" />
<topic name="Add Person - Extended Page" url="pag_AddPersonExtended.htm" />
<topic name="Add Provider Page" url="pag_AddProvider.htm" />
<topic name="Add Susceptibility Page" url="pag_AddSusceptibility.htm" />
<topic name="Add Treatment Page" url="pag_AddTreatment.htm" />
<topic name="Add Vaccination Page" url="pag_AddVaccinationRecordd.htm" />
<topic name="Comments for Merge Page" url="pag_CommentsMerge.htm" />
<topic name="Compare for Merge Page" url="pag_CompareMerge.htm" />
<topic name="Add Investigation Page - BMIRD Generic" url="pag_CreateInvestigationBMIRD.htm" />
<topic name="Add Investigation Page - BMIRD Group A Streptococcus" url="pag_CreateInvestigationBMIRDGroupAStrep.htm" />
<topic name="Add Investigation Page - Group B Streptococcus" url="pag_CreateInvestigationBMIRDGroupBStrep.htm" />
<topic name="Add Investigation Page - BMIRD Haemophilus Influenzae" url="pag_CreateInvestigationBMIRDHib.htm" />
<topic name="Add Investigation Page - BMIRD Streptococcus pneumoniae" url="pag_CreateInvestigationBMIRDStreptococcusPneumoniae.htm" />
<topic name="Add Investigation Page - CRS" url="pag_CreateInvestigationCRS.htm" />
<topic name="Add Investigation Page - Generic" url="pag_CreateInvestigationGeneric.htm" />
<topic name="Add Investigation Page - Hepatitis, Perinatal HBV Infection Tab" url="pag_CreateInvestigationHBVInfection.htm" />
<topic name="Add Investigation Page - Hepatitis, HCV Infection (chronic or resolved)" url="pag_CreateInvestigationHCVInfection.htm" />
<topic name="Add Investigation Page - Hepatitis" url="pag_CreateInvestigationHepatitis.htm" />
<topic name="Add Investigation Page - Hepatitis, Acute Hepatitis A" url="pag_CreateInvestigationHepatitisA.htm" />
<topic name="Add Investigation Page - Hepatitis, Acute Hepatitis B" url="pag_CreateInvestigationHepatitisB.htm" />
<topic name="Add Investigation Page - Hepatitis, Acute Hepatitis C" url="pag_CreateInvestigationHepatitisC.htm" />
<topic name="Add Investigation Page - Measles" url="pag_CreateInvestigationMeasles.htm" />
<topic name="Add Investigation Page - Neisseria Meningitidis" url="pag_CreateInvestigationNeisseriaMeningitidis.htm" />
<topic name="Add Investigation Page - Pertussis" url="pag_CreateInvestigationPertussis.htm" />
<topic name="Add Investigation Page - Rubella" url="pag_CreateInvestigationRubella.htm" />
<topic name="Select Condition Page" url="pag_CreateInvestigationSelectCondition.htm" />
<topic name="Create Notification Page" url="pag_CreateNotification.htm" />
<topic name="Custom Reports" url="pag_CustomReports.htm" />
<topic name="Submit Error Page" url="pag_DataConcurrenceError.htm" />
<topic name="Drug Name Search Criteria" url="pag_DrugNameSearchCriteria.htm" />
<topic name="Drug Name Search Results" url="pag_DrugNameSearchResults.htm" />
<topic name="Edit Investigation Page - BMIRD Generic" url="pag_EditInvestigationBMIRD.htm" />
<topic name="Edit Investigation Page - GAS" url="pag_EditInvestigationBMIRDGroupAStrep.htm" />
<topic name="Edit Investigation Page - GBS" url="pag_EditInvestigationBMIRDGroupBStrep.htm" />
<topic name="Edit Investigation Page - BMIRD Haemophilus Influenzae" url="pag_EditInvestigationBMIRDHib.htm" />
<topic name="Edit Investigation Page - Neisseria Meningitidis" url="pag_EditInvestigationBMIRDNeisseriaMeningitidis.htm" />
<topic name="Edit Investigation Page - CRS" url="pag_EditInvestigationCRS.htm" />
<topic name="Edit Investigation Page - Generic" url="pag_EditInvestigationGeneric.htm" />
<topic name="Edit Investigation Page - Hepatitis, Perinatal HBV Infection" url="pag_EditInvestigationHBVInfection.htm" />
<topic name="Edit Investigation Page - Hepatitis, HCV Infection Tab" url="pag_EditInvestigationHCVInfection.htm" />
<topic name="Edit Investigation Page - Hepatitis" url="pag_EditInvestigationHepatitis.htm" />
<topic name="Edit Investigation Page - Hepatitis, Acute Hepatitis A" url="pag_EditInvestigationHepatitisA.htm" />
<topic name="Edit Investigation Page - Hepatitis, Acute Hepatitis B" url="pag_EditInvestigationHepatitisB.htm" />
<topic name="Edit Investigation Page - Hepatitis, Acute Hepatitis C" url="pag_EditInvestigationHepatitisC.htm" />
<topic name="Edit Investigation Page - Measles" url="pag_EditInvestigationMeasles.htm" />
<topic name="Edit Investigation Page - Mumps" url="pag_EditInvestigationMumps.htm" />
<topic name="Edit Investigation Page - BMIRD Streptococcus pneumoniae" url="pag_EditInvestigationPageBMIRDStreptococcusPneumoniae.htm" />
<topic name="Patient Tab, Edit Investigation Page" url="pag_EditInvestigationPatient.htm" />
<topic name="Edit Investigation Page - Pertussis" url="pag_EditInvestigationPertussis.htm" />
<topic name="Edit Investigation Page - Rubella" url="pag_EditInvestigationRubella.htm" />
<topic name="Edit Investigation Page - Tetanus" url="pag_EditInvestigationTetanus.htm" />
<topic name="Edit Morbidity Report Page" url="pag_EditMorbidityReport.htm" />
<topic name="Edit Lab Report Page" url="pag_EditObservationLabResults.htm" />
<topic name="Edit Observation - Lab Report Page, Lab Order Information Tab" url="pag_EditObservationLabResultsLabOrderInfoTab.htm" />
<topic name="Edit Lab Report Page - Report Information Tab" url="pag_EditObservationLabResultsResultsTab.htm" />
<topic name="Edit Observation - Morbidity Report Page" url="pag_EditObservationMorbidityCard.htm" />
<topic name="Patient Tab - Edit Morbidity Report Page" url="pag_EditObservationMorbidityCardPatientTab.htm" />
<topic name="Edit Organization Page" url="pag_EditOrganization.htm" />

</ftstdata>  
