<?xml version='1.0' encoding='ISO-8859-1' ?>
<ftstdata>
<topic name="View Investigation Page - Hepatitis, HCV" url="pag_ViewInvestigationHCVInfection.htm" />
<topic name="View Investigation Page - Hepatitis Generic" url="pag_ViewInvestigationHepatitis.htm" />
<topic name="View Investigation Page - Hepatitis, Acute Hepatitis A" url="pag_ViewInvestigationHepatitisA.htm" />
<topic name="View Investigation Page - Hepatitis, Acute Hepatitis B" url="pag_ViewInvestigationHepatitisB.htm" />
<topic name="View Investigation Page - Hepatitis, Acute Hepatitis C" url="pag_ViewInvestigationHepatitisC.htm" />
<topic name="View Investigation Page - Measles" url="pag_ViewInvestigationMeasles.htm" />
<topic name="View Investigation Page - Mumps" url="pag_ViewInvestigationMumps.htm" />
<topic name="View Investigation Page - Patient Tab" url="pag_ViewInvestigationPatient.htm" />
<topic name="View Investigation Page - Pertussis" url="pag_ViewInvestigationPertussis.htm" />
<topic name="View Investigation Page - Review Notifications" url="pag_ViewInvestigationReviewNotification.htm" />
<topic name="View Investigation Page - Rubella" url="pag_ViewInvestigationRubella.htm" />
<topic name="View Investigation Page - Tetanus" url="pag_ViewInvestigationTetanus.htm" />
<topic name="View Lab Report Page" url="pag_ViewLabReport.htm" />
<topic name="Patient Tab - View Morbidity Report Page" url="pag_ViewMorbReportPatientTab.htm" />
<topic name="Report Information Tab - View Morbidity Report" url="pag_ViewMorbReportReportInfo.htm" />
<topic name="View Observation - Lab Report" url="pag_ViewObservationLabResults.htm" />
<topic name="View Observation - Lab Report, Lab Order Information Tab" url="pag_ViewObservationLabResultsLabOrderInfoTab.htm" />
<topic name="View Observation - Lab Report, Results Tab.htm" url="pag_ViewObservationLabResultsResultsTab.htm" />
<topic name="View Observation - Morbidity Report Page" url="pag_ViewObservationMorbidityCard.htm" />
<topic name="View Organization Page" url="pag_ViewOrganization.htm" />
<topic name="View Person Page" url="pag_ViewPerson.htm" />
<topic name="View Provider Page" url="pag_ViewProvider.htm" />
<topic name="View Susceptibility Page" url="pag_ViewSusceptibility.htm" />
<topic name="View Treatment Page" url="pag_ViewTreatment.htm" />
<topic name="View Vaccination Page" url="pag_ViewVaccineRecord.htm" />
<topic name="View File Page, Demographics Tab" url="pag_ViewWorkupDemographics.htm" />
<topic name="View File Page, Investigations Tab" url="pag_ViewWorkupInvestigations.htm" />
<topic name="View File Page, Observations Tab" url="pag_ViewWorkupObservations.htm" />
<topic name="View File Page" url="pag_ViewWorkupSummary.htm" />
<topic name="View File Page, Vaccinations Tab" url="pag_ViewWorkupVaccine.htm" />
<topic name="Choosing Facilities and Providers" url="prc_AddingLabReportFacilitiesProviders.htm" />
<topic name="Using Quick Codes" url="prc_AddingLabReportFacilitiesProvidersQuickCodes.htm" />
<topic name="Adding Observations - Lab Reports" url="prc_AddingLabReports.htm" />
<topic name="Adding Locally Defined Fields (LDFs)" url="prc_AddingLDFs.htm" />
<topic name="Adding Morbidity Report" url="prc_AddingMorbidityReport.htm" />
<topic name="Adding Treatment Information" url="prc_AddingMorbReportAddTreatInfo.htm" />
<topic name="Adding Lab Report Information" url="prc_AddingMorbReportLabReportInfo.htm" />
<topic name="Searching for Organisms" url="prc_AddingMorbReportSearchOrgansm.htm" />
<topic name="Adding Organizations" url="prc_AddingOrganizations.htm" />
<topic name="Adding Patients Using the Patient Tab" url="prc_AddingPatientTab.htm" />
<topic name="Adding Permission Sets" url="prc_AddingPermissionSets.htm" />
<topic name="Adding Persons" url="prc_AddingPersons.htm" />
<topic name="Adding Extended Person Information" url="prc_AddingPersonsExtended.htm" />
<topic name="Adding Providers" url="prc_AddingProviders.htm" />
<topic name="Adding a Summary Report" url="prc_AddingSummaryReport.htm" />
<topic name="Adding Treatments" url="prc_AddingTreatments.htm" />
<topic name="Adding Users" url="prc_AddingUsers.htm" />
<topic name="Adding Vaccination Records" url="prc_AddingVaccinationRecords.htm" />
<topic name="Adding Susceptibility Test Information" url="prc_AddLabReportAddSusceptibility.htm" />
<topic name="Finding Drug Names" url="prc_AddLabReportFindDrug.htm" />
<topic name="Finding Lab Tests" url="prc_AddLabReportFindLabTest.htm" />
<topic name="Selecting Advanced Filter Criteria" url="prc_ChoosingAdvancedFilterCriteria.htm" />
<topic name="Selecting Basic Filter Criteria" url="prc_ChoosingBasicFilterCriteria.htm" />
<topic name="Choosing Filter Selection Criteria" url="prc_ChoosingELRActivityReportCriteria.htm" />
<topic name="Adding Investigations" url="prc_CreatingInvestigations.htm" />
<topic name="Creating Notifications" url="prc_CreatingNotifications.htm" />
<topic name="Deleting Observations" url="prc_DeletingObservations.htm" />
<topic name="Deleting Organizations" url="prc_DeletingOrganizations.htm" />
<topic name="Deleting Persons" url="prc_DeletingPersons.htm" />
<topic name="Deleting Reports" url="prc_DeletingReports.htm" />
<topic name="Deleting Vaccination Records" url="prc_DeletingVaccinationRecords.htm" />
<topic name="Editing Investigations" url="prc_EditingInvestigations.htm" />
<topic name="Editing Observations - Lab Reports, Editing Lab Order Information" url="prc_EditingLabOrderInformation.htm" />
<topic name="Editing Observations - Lab Reports, Editing Lab Results Information" url="prc_EditingLabResultsInformation.htm" />
<topic name="Editing Locally Defined Fields (LDFs)" url="prc_EditingLDFs.htm" />
<topic name="Editing Morbidity Reports" url="prc_EditingMorbidityReport.htm" />
<topic name="Editing Observations - Lab Reports" url="prc_EditingObservationsLabResults.htm" />
<topic name="Editing Organization Information" url="prc_EditingOrganizationInformation.htm" />
<topic name="Editing Permission Sets" url="prc_EditingPermissionSets.htm" />
<topic name="Editing Person Information" url="prc_EditingPersonInformation.htm" />
<topic name="Editing Provider Information" url="prc_EditingProviderInformation.htm" />
<topic name="Editing Observations - Lab Reports, Editing Susceptibility Information" url="prc_EditingSusceptibilityInformation.htm" />
<topic name="Editing Treatments" url="prc_EditingTreatments.htm" />
<topic name="Editing Users" url="prc_EditingUsers.htm" />
<topic name="Editing Vaccination Records" url="prc_EditingVaccinationRecords.htm" />
<topic name="Editing Patient Information" url="prc_EditPatientInfo.htm" />
<topic name="Reviewing ELRs Needing Program or Jurisdiction Assignment" url="prc_ELRProgramJurisdictionAssignment.htm" />
<topic name="Adding Observations - Lab Reports, Entering Lab Order Information" url="prc_EnteringLabOrderInfo.htm" />
<topic name="Adding Observations - Lab Reports, Entering Lab Result Information" url="prc_EnteringLabResultInformation.htm" />
<topic name="Adding Observations - Lab Reports, Entering Susceptibility Information" url="prc_EnteringSusceptibilityInformation.htm" />
<topic name="Exporting Reports" url="prc_ExportingReports.htm" />
<topic name="Searching Organizations" url="prc_FindingOrganizations.htm" />
<topic name="Finding Users" url="prc_FindingUsers.htm" />
<topic name="Inactivating Providers" url="prc_InactivatingProviders.htm" />
<topic name="Managing Notifications" url="prc_ManagingNotifications.htm" />
<topic name="Managing Observations" url="prc_ManagingObservations.htm" />
<topic name="Managing Vaccination Records" url="prc_ManagingVaccinationRecords.htm" />
<topic name="Merging Records Manually" url="prc_ManualMerge.htm" />
<topic name="Performing a New Search - Person" url="prc_NewSearch.htm" />
<topic name="Performing a New Search - Organization" url="prc_NewSearchOrganization.htm" />
<topic name="Printing Investigations" url="prc_PrintingInvestigations.htm" />
<topic name="Printing Treatments" url="prc_PrintingTreatments.htm" />
<topic name="Refining the Results of Your Search - Person" url="prc_RefiningSearch.htm" />
<topic name="Refining the Results of Your Search - Organization" url="prc_RefiningSearchOrganization.htm" />
<topic name="Reviewing Notifications" url="prc_ReviewingNotifications.htm" />
<topic name="Reviewing New Lab Reports" url="prc_ReviewNewLabReports.htm" />
<topic name="Running Reports" url="prc_RunningReports.htm" />
<topic name="Saving Reports" url="prc_SavingReports.htm" />
<topic name="Using the Person and Organization Search Criteria Pop-Ups" url="prc_SearchingEntities.htm" />
<topic name="Searching Patients Using the Patient Tab" url="prc_SearchingPatientTab.htm" />
<topic name="Searching Persons" url="prc_SearchingPersons.htm" />
<topic name="Searching Providers" url="prc_SearchingProviders.htm" />
<topic name="Selecting Columns" url="prc_SelectingColumns.htm" />
<topic name="Selecting Criteria and Running Standard Reports" url="prc_SelectingCriteriaRunningReports.htm" />
<topic name="Editing Observations - Lab Reports, Selecting Observations" url="prc_SelectingObservations.htm" />
<topic name="Adding Observations - Lab Reports, Choosing Observation Type" url="prc_SelectingObservationType.htm" />
<topic name="Merging System Identified Candidates" url="prc_SystemIdentified.htm" />
<topic name="Transferring Ownership" url="prc_TransferringOwnership.htm" />
<topic name="Viewing Investigations" url="prc_ViewingInvestigations.htm" />
<topic name="Viewing Lab Reports" url="prc_ViewingLabReports.htm" />
<topic name="Viewing Locally Defined Fields (LDFs)" url="prc_ViewingLDFs.htm" />

</ftstdata>  
