<?xml version='1.0' encoding='ISO-8859-1' ?>
<ftstdata>
<topic name="Edit Outbreak Page" url="pag_EditOutbreak.htm" />
<topic name="Edit Patient Page" url="pag_EditPerson.htm" />
<topic name="Edit Provider Page" url="pag_EditProvider.htm" />
<topic name="Edit Susceptibility Page" url="pag_EditSusceptibility.htm" />
<topic name="Edit Treatment Page" url="pag_EditTreatment.htm" />
<topic name="Edit Vaccination Page" url="pag_EditVaccinationRecord.htm" />
<topic name="Patient Tab - Edit Vaccination Page" url="pag_EditVaccinationRecordPatientTab.htm" />
<topic name="Vaccination Tab - Edit Vaccination Tab" url="pag_EditVaccinationTab.htm" />
<topic name="ELR Activity Report Page - Criteria" url="pag_ELRActivityReportCriteria.htm" />
<topic name="ELR Activity Report Page - View" url="pag_ELRActivityReportView.htm" />
<topic name="Observations Needing Assignment Page" url="pag_ELRsNeedingProgramJurisdictionAssignment.htm" />
<topic name="Select Type of Observation Page" url="pag_EnterObservation.htm" />
<topic name="Select Person Records for Merge Page" url="pag_EnterPersonRecordsMerge.htm" />
<topic name="Organization Search Criteria Page - Entity" url="pag_EntitySearchCriteriaOrganization.htm" />
<topic name="Person Search Criteria Page - Entity" url="pag_EntitySearchCriteriaPerson.htm" />
<topic name="Organization Search Results Page - Entity" url="pag_EntitySearchResultsOrganization.htm" />
<topic name="Person Search Results Page - Entity" url="pag_EntitySearchResultsPerson.htm" />
<topic name="Events Tab" url="pag_EventsTab.htm" />
<topic name="Add Investigation Page - Botulism" url="pag_FBAddInvestigationBotulism.htm" />
<topic name="Add Investigation Page - Cholera" url="pag_FBAddInvestigationCholera.htm" />
<topic name="Add Investigation Page - Cyclospora" url="pag_FBAddInvestigationCryptosporidiosis.htm" />
<topic name="Add Investigation Page - Cyclospora" url="pag_FBAddInvestigationCyclospora.htm" />
<topic name="Add Investigation Page - General Foodborne Conditions" url="pag_FBAddInvestigationGeneric.htm" />
<topic name="Add Investigation Page - Listeria" url="pag_FBAddInvestigationListeria.htm" />
<topic name="Add Investigation Page - Salmonella" url="pag_FBAddInvestigationSalmonella.htm" />
<topic name="Edit Investigation Page - Botulism" url="pag_FBEditInvestigationBotulism.htm" />
<topic name="Edit Investigation Page - Cholera" url="pag_FBEditInvestigationCholera.htm" />
<topic name="Edit Investigation Page - Cryptosporidiosis" url="pag_FBEditInvestigationCryptosporidiosis.htm" />
<topic name="Edit Investigation Page - Cyclospora" url="pag_FBEditInvestigationCyclospora.htm" />
<topic name="Edit Investigation Page - General Foodborne Conditions" url="pag_FBEditInvestigationGeneric.htm" />
<topic name="Edit Investigation Page - Listeria" url="pag_FBEditInvestigationListeria.htm" />
<topic name="Edit Investigation Page - Salmonella" url="pag_FBEditInvestigationSalmonella.htm" />
<topic name="View Investigation Page - Botulism" url="pag_FBViewInvestigationBotulism.htm" />
<topic name="View Investigation Page - Cholera" url="pag_FBViewInvestigationCholera.htm" />
<topic name="View Investigation Page - Cryptosporidiosis" url="pag_FBViewInvestigationCryptosporidiosis.htm" />
<topic name="View Investigation Page - Cyclospora" url="pag_FBViewInvestigationCyclospora.htm" />
<topic name="View Investigation Page - General Foodborne" url="pag_FBViewInvestigationGeneric.htm" />
<topic name="View Investigation Page - Listeria" url="pag_FBViewInvestigationListeria.htm" />
<topic name="View Investigation Page - Salmonella" url="pag_FBViewInvestigationSalmonella.htm" />
<topic name="Find Organization Page" url="pag_FindOrganizationSearchCriteria.htm" />
<topic name="Organization Search Results Page" url="pag_FindOrganizationSearchResults.htm" />
<topic name="Find Patient Page - Merge" url="pag_FindPatientMerge.htm" />
<topic name="Find Provider Page" url="pag_FindProvider.htm" />
<topic name="Investigation Confirmation Page" url="pag_InvestigationConfirmation.htm" />
<topic name="Locally Defined Field Administrator Page" url="pag_LDFAdmin.htm" />
<topic name="Preview Page" url="pag_LDFPreview.htm" />
<topic name="Local Field Page Selection Page" url="pag_LocalFieldPageSelection.htm" />
<topic name="Manage Notifications Page" url="pag_ManageNotifications.htm" />
<topic name="Manage Observations Page" url="pag_ManageObservations.htm" />
<topic name="Summary Reports Page" url="pag_ManageSummaryNotifications.htm" />
<topic name="Manage Treatments Page" url="pag_ManageTreatmen.htm" />
<topic name="Manage Vaccinations Page" url="pag_ManageVaccineRecords.htm" />
<topic name="Home page" url="pag_Menu.htm" />
<topic name="Merge Candidate List (Manual) Page" url="pag_MergeCandidateListManual.htm" />
<topic name="Merge Candidate List (System Identified) Page" url="pag_MergeCandidateListSystem.htm" />
<topic name="Merge Confirmation Page" url="pag_MergeConfirmation.htm" />
<topic name="My Program Area's Investigations Page" url="pag_MyProgramAreasInvestigations.htm" />
<topic name="New Lab Reports for Review Page" url="pag_NewLabReportsReview.htm" />
<topic name="Observation Confirmation Page" url="pag_ObservationConfirmation.htm" />
<topic name="Observation Delete Denied Page" url="pag_ObservationRecordDeleteDenied.htm" />
<topic name="Organization Delete Denied Page" url="pag_OrganizationDeleteDenied.htm" />
<topic name="Patient Search Criteria Page" url="pag_PatientSearchCriteria.htm" />
<topic name="Patient Search Criteria Results" url="pag_PatientSearchCriteriaResults.htm" />
<topic name="Patient Tab- Add Vaccination Page" url="pag_PatientTabAddVacci.htm" />
<topic name="Patient Tab, Lab Report from Event" url="pag_PatientTabLabEvt.htm" />
<topic name="Patient Tab, Lab Report from Nav Bar" url="pag_PatientTabLabNav.htm" />
<topic name="Patient Tab, Morbidity Report from Event" url="pag_PatientTabMorbEvt.htm" />
<topic name="Patient Tab, Morbidity Report from Nav Bar" url="pag_PatientTabMorbNav.htm" />
<topic name="View Vaccination Page" url="pag_PatientTabVacci.htm" />
<topic name="Patient Tab, View from Event" url="pag_PatientTabViewEvent.htm" />
<topic name="Patient Tab, View Investigation Page" url="pag_PatientTabViewInvestigation.htm" />
<topic name="Person Delete Denied Page" url="pag_PersonDeleteDenied.htm" />
<topic name="Find Patient Page" url="pag_PersonSearch.htm" />
<topic name="Printing Lab Reports" url="pag_PrintingLabReports.htm" />
<topic name="Printing Morbidity Reports" url="pag_PrintingMorbidityReport.htm" />
<topic name="Reports Page - Report List" url="pag_ReportList.htm" />
<topic name="Reports Page - Advanced Filter Selection Tab" url="pag_ReportsAdvancedFilterTab.htm" />
<topic name="Reports Page - Basic Filter Selection Tab" url="pag_ReportsBasicFilterTab.htm" />
<topic name="Reports Page - Column Selection Tab" url="pag_ReportsColumnSelectionTab.htm" />
<topic name="Review Notifications Page" url="pag_ReviewNotifications.htm" />
<topic name="Reports Page - Run Report" url="pag_RunReport.htm" />
<topic name="Reports Page - Save Report" url="pag_SaveReport.htm" />
<topic name="Search Results Page" url="pag_SearchResults.htm" />
<topic name="Security Administration - Add Permission Set Page" url="pag_SecurityAdminAddPermissionSet.htm" />
<topic name="Security Administration - Add User Page" url="pag_SecurityAdminAddUser.htm" />
<topic name="Security Administration - Edit Permission Set Page" url="pag_SecurityAdminEditPermissionSet.htm" />
<topic name="Security Administration - Edit User Page" url="pag_SecurityAdminEditUser.htm" />
<topic name="Security Administration - Permission Sets Page" url="pag_SecurityAdminPermissionSet.htm" />
<topic name="Security Administration - Select Permission Set Page" url="pag_SecurityAdminSelectPermissionSet.htm" />
<topic name="Security Administration - Users Page" url="pag_SecurityAdminUsers.htm" />
<topic name="Security Administration - View Permission Set Page" url="pag_SecurityAdminViewPermissionSet.htm" />
<topic name="Security Administration - View User Page" url="pag_SecurityAdminViewUser.htm" />
<topic name="Summary Reports Page" url="pag_SummaryReports.htm" />
<topic name="Test Name Search Criteria" url="pag_TestNameSearchCriteria.htm" />
<topic name="Test Name Search Results" url="pag_TestNameSearchResults.htm" />
<topic name="Transfer Confirmation Page" url="pag_TransferConfirmation.htm" />
<topic name="Transfer Ownership Page" url="pag_TransferOwnership.htm" />
<topic name="Vaccine Record Delete Denied Page" url="pag_VaccineRecordDeleteDenied.htm" />
<topic name="View Investigation Page - Congenital Rubella Syndrome" url="pag_ViewCRSInvestigation.htm" />
<topic name="View Investigation Page - BMIRD Generic" url="pag_ViewInvestigationBMIRDGeneric.htm" />
<topic name="View Investigation Page - BMIRD Group A Streptococcus" url="pag_ViewInvestigationBMIRDGroupAStrep.htm" />
<topic name="View Investigation Page - BMIRD Group B Streptococcus" url="pag_ViewInvestigationBMIRDGroupBStrep.htm" />
<topic name="View Investigation Page - BMIRD Haemophilus Influenzae" url="pag_ViewInvestigationBMIRDHib.htm" />
<topic name="View Investigation Page - BMIRD Neisseria Meningitidis" url="pag_ViewInvestigationBMIRDNeisseriaMeningitidis.htm" />
<topic name="View Investigation Page - BMIRD Streptococcus pneumoniae" url="pag_ViewInvestigationBMIRDStreptococcusPneumoniae.htm" />
<topic name="View Investigation Page - Generic" url="pag_ViewInvestigationGeneric.htm" />
<topic name="View Investigation Page - Hepatitis, Perinatal HBV Infection" url="pag_ViewInvestigationHBVInfection.htm" />

</ftstdata>  
