<?xml version='1.0' encoding='ISO-8859-1' ?>
<fts>
<chunkinfo url="whfwdata0.xml" first="_______" last="analysi"/>
<chunkinfo url="whfwdata1.xml" first="analyz" last="bmd177"/>
<chunkinfo url="whfwdata2.xml" first="bmd178" last="clinic"/>
<chunkinfo url="whfwdata3.xml" first="clinical" last="current"/>
<chunkinfo url="whfwdata4.xml" first="custom" last="diseas"/>
<chunkinfo url="whfwdata5.xml" first="display" last="export"/>
<chunkinfo url="whfwdata6.xml" first="expos" last="great"/>
<chunkinfo url="whfwdata7.xml" first="group" last="infant"/>
<chunkinfo url="whfwdata8.xml" first="infect" last="lin"/>
<chunkinfo url="whfwdata9.xml" first="link" last="national"/>
<chunkinfo url="whfwdata10.xml" first="nativ" last="organism"/>
<chunkinfo url="whfwdata11.xml" first="organiz" last="polysaccharid"/>
<chunkinfo url="whfwdata12.xml" first="pop" last="reduc"/>
<chunkinfo url="whfwdata13.xml" first="ref" last="sector"/>
<chunkinfo url="whfwdata14.xml" first="security" last="stick"/>
<chunkinfo url="whfwdata15.xml" first="stillbirth" last="transf"/>
<chunkinfo url="whfwdata16.xml" first="transfer" last="wad"/>
<chunkinfo url="whfwdata17.xml" first="want" last="zoo"/>

<tchunkinfo first="0" last="106" url="whftdata0.xml" />
<tchunkinfo first="107" last="213" url="whftdata1.xml" />
<tchunkinfo first="214" last="324" url="whftdata2.xml" />
<tchunkinfo first="325" last="365" url="whftdata3.xml" />

</fts>
