<?xml version='1.0' encoding='ISO-8859-1' ?>
<glossarydata>
 <entry name="PAM" value="Program Area Module" />
 <entry name="Person surveillance" value="All activities associated with the monitoring of public health related events that are specific to individuals, animals, and groups of individuals.  Activities conducted may include the quantitative and qualitative data related to their health, physical characteristics, environment, and social circumstances. " />
 <entry name="PH Partner" value="Public Health Partner" />
 <entry name="PHCDM" value="Public Health Conceptual Data Model" />
 <entry name="PHCPM" value="Public Health Conceptual Process Model" />
 <entry name="PHLDM" value="Public Health Logical Data Model" />
 <entry name="PHPPO" value="Public Health Practice Program Office" />
 <entry name="Probable case" value="A collection of surveillance information for an entity that tends to indicate the presence of a disease for which defined, acceptable confirmation data is not currently available." />
 <entry name="Program Area Module" value="Includes information that is related to a pre-defined disease type (e.g., HIV, STD, Hepatitis, etc.) " />
 <entry name="Program Undifferentiated Data" value="Refers to data or messages that are currently not associated with a given Program Area." />
 <entry name="PUD" value="Program Undifferentiated Data" />
 <entry name="Quality assurance" value="The process of taking data through successive levels of testing for completeness. After the data meets the predefined level of completeness, it may be reported to CDC." />
 <entry name="Real-time processing" value="The process of collecting and reporting on an entity�s health information when it is available." />
 <entry name="Recipient" value="An authorized receiver of a message (e.g., notification message), as determined and outlined in state and local regulations " />
 <entry name="Record" value="A collection of linked data within a database." />
 <entry name="Record merge" value="Automatic selection and combination of field-level data from two or more potentially duplicate records that are manually selected." />
 <entry name="Reference Information Model" value="A model that provides an explicit representation of the semantic and lexical connection that exists between information carried in the fields of HL7 messages." />
 <entry name="Refined analysis" value="An iteration of the analysis, visualization, reporting (AVR) cycle, which utilizes the results of a previous iteration as a basis to determine the current input." />
 <entry name="Refined Message Information Model" value="A model that defines association constraints, attribute constraints, allows the modeler to duplicate classes and modify inherited structures; contains all the information needed for the provider.  The RMIM is the source to one or more providers and is used to describe a specific set of messages and is derived from the MIM." />
 <entry name="Reliable data source" value="A source for data that provides maintains an acceptable level of data integrity for NEDSS." />
 <entry name="Reporting" value="The act of generating a logical collection of data or information for analysis or presentation to another." />
 <entry name="RIM" value="Reference Information Model (Messaging)" />
 <entry name="RMIM" value="Refined Message Information Model" />
 <entry name="SNOMED" value="Systemized Nomenclature of Medicine" />
 <entry name="Supporting Lab Results" value="Specified results consistent with diagnosis but not meeting criteria for lab confirmation." />
 <entry name="Surveillance and Intervention Program Planning" value="The activities associated with assessing collected workup data against guidelines for a condition that is being investigated " />
 <entry name="Suspect Case" value="A case that is believed to be a case worth reporting, but has not been confirmed to date" />
 <entry name="System-driven evaluation" value="A predefined system template guideline that compares attributes and values to assist users in the evaluation of a given case or workup." />
 <entry name="System group" value="TBD" />
 <entry name="Template guideline" value="A database driven guideline with sufficient structure to allow the system to compare its attributes with a given case or workup." />
 <entry name="Transfer of data" value="The transmission of data abstract messages between individual NEDSS sites." />
 <entry name="VPD" value="Vaccine Preventable Disease" />
 <entry name="Workup" value="The sum of all entity data, investigation data, case data and observation reports for an entity.  This is the equivalent to a kind of a public health patient chart. The NBS refers to workups as a person &quot;file.&quot;" />

</glossarydata>
