<?xml version='1.0' encoding='ISO-8859-1' ?>
<indexdata>
<key name="Acute Hepatitis A" >
  <topic name="View Investigation Page - Hepatitis, Acute Hepatitis A" url="pag_ViewInvestigationHepatitisA.htm" />
</key>
<key name="Acute Hepatitis B" >
  <topic name="View Investigation Page - Hepatitis, Acute Hepatitis B" url="pag_ViewInvestigationHepatitisB.htm" />
</key>
<key name="Acute Hepatitis C" >
  <topic name="View Investigation Page - Hepatitis, Acute Hepatitis C" url="pag_ViewInvestigationHepatitisC.htm" />
</key>
<key name="Add" >
  <topic name="Add Observation - Lab Report Page" url="pag_AddObservationLabResults.htm" />
  <topic name="Add Observation - Morbidity Report Page" url="pag_AddObservationMorbidityReport.htm" />
  <topic name="Add Organization Page" url="pag_AddOrganization.htm" />
  <topic name="Add Outbreak Page" url="pag_AddOutbreakName.htm" />
  <topic name="Add Person - Basic Page" url="pag_AddPerson.htm" />
  <topic name="Add Person - Extended Page" url="pag_AddPersonExtended.htm" />
  <topic name="Add Susceptibility Page" url="pag_AddSusceptibility.htm" />
  <topic name="Add Vaccination Page" url="pag_AddVaccinationRecordd.htm" />
  <topic name="Adding Extended Person Information" url="prc_AddingPersonsExtended.htm" />
  <topic name="Adding Investigations" url="prc_CreatingInvestigations.htm" />
  <topic name="Adding Morbidity Report" url="prc_AddingMorbidityReport.htm" />
  <topic name="Adding Observations" url="ovr_AddingObservations.htm" />
  <topic name="Adding Organizations" url="prc_AddingOrganizations.htm" />
  <topic name="Adding Permission Sets" url="prc_AddingPermissionSets.htm" />
  <topic name="Adding Persons" url="prc_AddingPersons.htm" />
  <topic name="Adding Users" url="prc_AddingUsers.htm" />
  <topic name="Adding Vaccination Records" url="prc_AddingVaccinationRecords.htm" />
</key>
<key name="Administer" >
  <topic name="Administering Permission Sets" url="ovr_AdministeringPermissionSets.htm" />
  <topic name="Administering Users" url="ovr_AdministeringUsers.htm" />
  <topic name="Administering Users and Permission Sets" url="ovr_AdministeringUsersRolesPermissionSets.htm" />
</key>
<key name="Bacterial Meningitis" >
  <topic name="View Investigation Page - BMIRD Generic" url="pag_ViewInvestigationBMIRDGeneric.htm" />
  <topic name="View Investigation Page - BMIRD Group A Streptococcus" url="pag_ViewInvestigationBMIRDGroupAStrep.htm" />
  <topic name="View Investigation Page - BMIRD Group B Streptococcus" url="pag_ViewInvestigationBMIRDGroupBStrep.htm" />
  <topic name="View Investigation Page - BMIRD Haemophilus Influenzae" url="pag_ViewInvestigationBMIRDHib.htm" />
  <topic name="View Investigation Page - BMIRD Neisseria Meningitidis" url="pag_ViewInvestigationBMIRDNeisseriaMeningitidis.htm" />
  <topic name="View Investigation Page - BMIRD Streptococcus pneumoniae" url="pag_ViewInvestigationBMIRDStreptococcusPneumoniae.htm" />
</key>
<key name="Bacterial Meningitis and Invasive Respiratory Diseases" >
  <topic name="Add Investigation Page - BMIRD Generic" url="pag_CreateInvestigationBMIRD.htm" />
  <topic name="Add Investigation Page - BMIRD Group A Streptococcus" url="pag_CreateInvestigationBMIRDGroupAStrep.htm" />
  <topic name="Add Investigation Page - BMIRD Group B Streptococcus" url="pag_CreateInvestigationBMIRDGroupBStrep.htm" />
  <topic name="Add Investigation Page - BMIRD Haemophilus Influenzae" url="pag_CreateInvestigationBMIRDHib.htm" />
  <topic name="Add Investigation Page - BMIRD Neisseria Meningitidis" url="pag_CreateInvestigationNeisseriaMeningitidis.htm" />
  <topic name="Add Investigation Page - BMIRD Streptococcus pneumoniae" url="pag_CreateInvestigationBMIRDStreptococcusPneumoniae.htm" />
  <topic name="Edit Investigation Page - BMIRD Generic" url="pag_EditInvestigationBMIRD.htm" />
  <topic name="Edit Investigation Page - BMIRD Group A Streptococcus" url="pag_EditInvestigationBMIRDGroupAStrep.htm" />
  <topic name="Edit Investigation Page - BMIRD Group B Streptococcus" url="pag_EditInvestigationBMIRDGroupBStrep.htm" />
  <topic name="Edit Investigation Page - BMIRD Haemophilus Influenzae" url="pag_EditInvestigationBMIRDHib.htm" />
  <topic name="Edit Investigation Page - BMIRD Neisseria Meningitidis" url="pag_EditInvestigationBMIRDNeisseriaMeningitidis.htm" />
  <topic name="Edit Investigation Page - BMIRD Streptococcus pneumoniae" url="pag_EditInvestigationPageBMIRDStreptococcusPneumoniae.htm" />
  <topic name="View Investigation Page - BMIRD Generic" url="pag_ViewInvestigationBMIRDGeneric.htm" />
  <topic name="View Investigation Page - BMIRD Group A Streptococcus" url="pag_ViewInvestigationBMIRDGroupAStrep.htm" />
  <topic name="View Investigation Page - BMIRD Group B Streptococcus" url="pag_ViewInvestigationBMIRDGroupBStrep.htm" />
  <topic name="View Investigation Page - BMIRD Haemophilus Influenzae" url="pag_ViewInvestigationBMIRDHib.htm" />
  <topic name="View Investigation Page - BMIRD Neisseria Meningitidis" url="pag_ViewInvestigationBMIRDNeisseriaMeningitidis.htm" />
  <topic name="View Investigation Page - BMIRD Streptococcus pneumoniae" url="pag_ViewInvestigationBMIRDStreptococcusPneumoniae.htm" />
</key>
<key name="BMIRD" >
  <topic name="Add Investigation Page - BMIRD Generic" url="pag_CreateInvestigationBMIRD.htm" />
  <topic name="Add Investigation Page - BMIRD Group A Streptococcus" url="pag_CreateInvestigationBMIRDGroupAStrep.htm" />
  <topic name="Add Investigation Page - BMIRD Group B Streptococcus" url="pag_CreateInvestigationBMIRDGroupBStrep.htm" />
  <topic name="Add Investigation Page - BMIRD Haemophilus Influenzae" url="pag_CreateInvestigationBMIRDHib.htm" />
  <topic name="Add Investigation Page - BMIRD Neisseria Meningitidis" url="pag_CreateInvestigationNeisseriaMeningitidis.htm" />
  <topic name="Add Investigation Page - BMIRD Streptococcus pneumoniae" url="pag_CreateInvestigationBMIRDStreptococcusPneumoniae.htm" />
  <topic name="Edit Investigation Page - BMIRD Generic" url="pag_EditInvestigationBMIRD.htm" />
  <topic name="Edit Investigation Page - BMIRD Group A Streptococcus" url="pag_EditInvestigationBMIRDGroupAStrep.htm" />
  <topic name="Edit Investigation Page - BMIRD Group B Streptococcus" url="pag_EditInvestigationBMIRDGroupBStrep.htm" />
  <topic name="Edit Investigation Page - BMIRD Haemophilus Influenzae" url="pag_EditInvestigationBMIRDHib.htm" />
  <topic name="Edit Investigation Page - BMIRD Neisseria Meningitidis" url="pag_EditInvestigationBMIRDNeisseriaMeningitidis.htm" />
  <topic name="Edit Investigation Page - BMIRD Streptococcus pneumoniae" url="pag_EditInvestigationPageBMIRDStreptococcusPneumoniae.htm" />
  <topic name="View Investigation Page - BMIRD Generic" url="pag_ViewInvestigationBMIRDGeneric.htm" />
  <topic name="View Investigation Page - BMIRD Group A Streptococcus" url="pag_ViewInvestigationBMIRDGroupAStrep.htm" />
  <topic name="View Investigation Page - BMIRD Group B Streptococcus" url="pag_ViewInvestigationBMIRDGroupBStrep.htm" />
  <topic name="View Investigation Page - BMIRD Haemophilus Influenzae" url="pag_ViewInvestigationBMIRDHib.htm" />
  <topic name="View Investigation Page - BMIRD Neisseria Meningitidis" url="pag_ViewInvestigationBMIRDNeisseriaMeningitidis.htm" />
  <topic name="View Investigation Page - BMIRD Streptococcus pneumoniae" url="pag_ViewInvestigationBMIRDStreptococcusPneumoniae.htm" />
</key>
<key name="Botulism" >
  <topic name="View Investigation Page - Botulism" url="pag_FBViewInvestigationBotulism.htm" />
</key>
<key name="Cholera" >
  <topic name="View Investigation Page - Cholera" url="pag_FBViewInvestigationCholera.htm" />
</key>
<key name="Choose" >
  <topic name="Choosing Filter Selection Criteria" url="prc_ChoosingELRActivityReportCriteria.htm" />
  <topic name="Choosing Observation Type" url="prc_SelectingObservationType.htm" />
</key>
<key name="Column" >
  <topic name="Reports Page - Column Selection Tab" url="pag_ReportsColumnSelectionTab.htm" />
  <topic name="Selecting Columns" url="prc_SelectingColumns.htm" />
</key>
<key name="Condition" >
  <topic name="Select Condition Page" url="pag_CreateInvestigationSelectCondition.htm" />
</key>
<key name="Conditions Supported" >
  <topic name="Which Conditions does the NBS Support?" url="ovr_SupportedConditions.htm" />
</key>
<key name="Confirm" >
  <topic name="Investigation Confirmation Page" url="pag_InvestigationConfirmation.htm" />
  <topic name="Observation Confirmation Page" url="pag_ObservationConfirmation.htm" />
  <topic name="Transfer Confirmation Page" url="pag_TransferConfirmation.htm" />
</key>
<key name="Congenital Rubella Syndrome" >
  <topic name="Add Investigation Page - CRS" url="pag_CreateInvestigationCRS.htm" />
  <topic name="Edit Investigation Page - CRS" url="pag_EditInvestigationCRS.htm" />
  <topic name="View Investigation Page - CRS" url="pag_ViewCRSInvestigation.htm" />
</key>
<key name="Core Conditions" >
  <topic name="Which Conditions does the NBS Support?" url="ovr_SupportedConditions.htm" />
</key>
<key name="Create" >
  <topic name="Add Investigation Page - BMIRD Generic" url="pag_CreateInvestigationBMIRD.htm" />
  <topic name="Add Investigation Page - BMIRD Group A Streptococcus" url="pag_CreateInvestigationBMIRDGroupAStrep.htm" />
  <topic name="Add Investigation Page - BMIRD Group B Streptococcus" url="pag_CreateInvestigationBMIRDGroupBStrep.htm" />
  <topic name="Add Investigation Page - BMIRD Haemophilus Influenzae" url="pag_CreateInvestigationBMIRDHib.htm" />
  <topic name="Add Investigation Page - BMIRD Neisseria Meningitidis" url="pag_CreateInvestigationNeisseriaMeningitidis.htm" />
  <topic name="Add Investigation Page - BMIRD Streptococcus pneumoniae" url="pag_CreateInvestigationBMIRDStreptococcusPneumoniae.htm" />
  <topic name="Add Investigation Page - CRS" url="pag_CreateInvestigationCRS.htm" />
  <topic name="Add Investigation Page - Generic" url="pag_CreateInvestigationGeneric.htm" />
  <topic name="Add Investigation Page - Hepatitis" url="pag_CreateInvestigationHepatitis.htm" />
  <topic name="Add Investigation Page - Hepatitis, Acute Hepatitis A" url="pag_CreateInvestigationHepatitisA.htm" />
  <topic name="Add Investigation Page - Hepatitis, Acute Hepatitis B" url="pag_CreateInvestigationHepatitisB.htm" />
  <topic name="Add Investigation Page - Hepatitis, Acute Hepatitis C" url="pag_CreateInvestigationHepatitisC.htm" />
  <topic name="Add Investigation Page - Hepatitis, HCV Infection" url="pag_CreateInvestigationHCVInfection.htm" />
  <topic name="Add Investigation Page - Hepatitis, Perinatal HBV Infection" url="pag_CreateInvestigationHBVInfection.htm" />
  <topic name="Add Investigation Page - Measles" url="pag_CreateInvestigationMeasles.htm" />
  <topic name="Add Investigation Page - Pertussis" url="pag_CreateInvestigationPertussis.htm" />
  <topic name="Add Investigation Page - Rubella" url="pag_CreateInvestigationRubella.htm" />
  <topic name="Create Notification Page" url="pag_CreateNotification.htm" />
  <topic name="Creating Notifications" url="prc_CreatingNotifications.htm" />
</key>

</indexdata>
