<?xml version='1.0' encoding='ISO-8859-1' ?>
<indexdata>
<key name="Investigation" >
  <topic name="Add Investigation Page - BMIRD Generic" url="pag_CreateInvestigationBMIRD.htm" />
  <topic name="Add Investigation Page - BMIRD Group A Streptococcus" url="pag_CreateInvestigationBMIRDGroupAStrep.htm" />
  <topic name="Add Investigation Page - BMIRD Group B Streptococcus" url="pag_CreateInvestigationBMIRDGroupBStrep.htm" />
  <topic name="Add Investigation Page - BMIRD Haemophilus Influenzae" url="pag_CreateInvestigationBMIRDHib.htm" />
  <topic name="Add Investigation Page - BMIRD Neisseria Meningitidis" url="pag_CreateInvestigationNeisseriaMeningitidis.htm" />
  <topic name="Add Investigation Page - BMIRD Streptococcus pneumoniae" url="pag_CreateInvestigationBMIRDStreptococcusPneumoniae.htm" />
  <topic name="Add Investigation Page - Botulism" url="pag_FBAddInvestigationBotulism.htm" />
  <topic name="Add Investigation Page - Cholera" url="pag_FBAddInvestigationCholera.htm" />
  <topic name="Add Investigation Page - CRS" url="pag_CreateInvestigationCRS.htm" />
  <topic name="Add Investigation Page - Cryptosporidiosis" url="pag_FBAddInvestigationCryptosporidiosis.htm" />
  <topic name="Add Investigation Page - Cyclospora" url="pag_FBAddInvestigationCyclospora.htm" />
  <topic name="Add Investigation Page - General Foodborne" url="pag_FBAddInvestigationGeneric.htm" />
  <topic name="Add Investigation Page - Generic" url="pag_CreateInvestigationGeneric.htm" />
  <topic name="Add Investigation Page - Hepatitis" url="pag_CreateInvestigationHepatitis.htm" />
  <topic name="Add Investigation Page - Hepatitis, Acute Hepatitis A" url="pag_CreateInvestigationHepatitisA.htm" />
  <topic name="Add Investigation Page - Hepatitis, Acute Hepatitis B" url="pag_CreateInvestigationHepatitisB.htm" />
  <topic name="Add Investigation Page - Hepatitis, Acute Hepatitis C" url="pag_CreateInvestigationHepatitisC.htm" />
  <topic name="Add Investigation Page - Hepatitis, HCV Infection" url="pag_CreateInvestigationHCVInfection.htm" />
  <topic name="Add Investigation Page - Hepatitis, Perinatal HBV Infection" url="pag_CreateInvestigationHBVInfection.htm" />
  <topic name="Add Investigation Page - Listeria" url="pag_FBAddInvestigationListeria.htm" />
  <topic name="Add Investigation Page - Measles" url="pag_CreateInvestigationMeasles.htm" />
  <topic name="Add Investigation Page - Pertussis" url="pag_CreateInvestigationPertussis.htm" />
  <topic name="Add Investigation Page - Rubella" url="pag_CreateInvestigationRubella.htm" />
  <topic name="Add Investigation Page - Salmonella" url="pag_FBAddInvestigationSalmonella.htm" />
  <topic name="Adding Investigations" url="prc_CreatingInvestigations.htm" />
  <topic name="Edit Investigation Page - BMIRD Generic" url="pag_EditInvestigationBMIRD.htm" />
  <topic name="Edit Investigation Page - BMIRD Group A Streptococcus" url="pag_EditInvestigationBMIRDGroupAStrep.htm" />
  <topic name="Edit Investigation Page - BMIRD Group B Streptococcus" url="pag_EditInvestigationBMIRDGroupBStrep.htm" />
  <topic name="Edit Investigation Page - BMIRD Haemophilus Influenzae" url="pag_EditInvestigationBMIRDHib.htm" />
  <topic name="Edit Investigation Page - BMIRD Neisseria Meningitidis" url="pag_EditInvestigationBMIRDNeisseriaMeningitidis.htm" />
  <topic name="Edit Investigation Page - BMIRD Streptococcus pneumoniae" url="pag_EditInvestigationPageBMIRDStreptococcusPneumoniae.htm" />
  <topic name="Edit Investigation Page - Botulism" url="pag_FBEditInvestigationBotulism.htm" />
  <topic name="Edit Investigation Page - Cholera" url="pag_FBEditInvestigationCholera.htm" />
  <topic name="Edit Investigation Page - CRS" url="pag_EditInvestigationCRS.htm" />
  <topic name="Edit Investigation Page - Cryptosporidiosis" url="pag_FBEditInvestigationCryptosporidiosis.htm" />
  <topic name="Edit Investigation Page - Cyclospora" url="pag_FBEditInvestigationCyclospora.htm" />
  <topic name="Edit Investigation Page - General Foodborne" url="pag_FBEditInvestigationGeneric.htm" />
  <topic name="Edit Investigation Page - Generic" url="pag_EditInvestigationGeneric.htm" />
  <topic name="Edit Investigation Page - Hepatitis" url="pag_EditInvestigationHepatitis.htm" />
  <topic name="Edit Investigation Page - Hepatitis, Acute Hepatitis A" url="pag_EditInvestigationHepatitisA.htm" />
  <topic name="Edit Investigation Page - Hepatitis, Acute Hepatitis B" url="pag_EditInvestigationHepatitisB.htm" />
  <topic name="Edit Investigation Page - Hepatitis, Acute Hepatitis C" url="pag_EditInvestigationHepatitisC.htm" />
  <topic name="Edit Investigation Page - Hepatitis, HCV Infection" url="pag_EditInvestigationHCVInfection.htm" />
  <topic name="Edit Investigation Page - Hepatitis, Perinatal HBV Infection" url="pag_EditInvestigationHBVInfection.htm" />
  <topic name="Edit Investigation Page - Listeria" url="pag_FBEditInvestigationListeria.htm" />
  <topic name="Edit Investigation Page - Measles" url="pag_EditInvestigationMeasles.htm" />
  <topic name="Edit Investigation Page - Pertussis" url="pag_EditInvestigationPertussis.htm" />
  <topic name="Edit Investigation Page - Rubella" url="pag_EditInvestigationRubella.htm" />
  <topic name="Edit Investigation Page - Salmonella" url="pag_FBEditInvestigationSalmonella.htm" />
  <topic name="Editing Investigations" url="prc_EditingInvestigations.htm" />
  <topic name="View Investigation Page - BMIRD Generic" url="pag_ViewInvestigationBMIRDGeneric.htm" />
  <topic name="View Investigation Page - BMIRD Group A Streptococcus" url="pag_ViewInvestigationBMIRDGroupAStrep.htm" />
  <topic name="View Investigation Page - BMIRD Group B Streptococcus" url="pag_ViewInvestigationBMIRDGroupBStrep.htm" />
  <topic name="View Investigation Page - BMIRD Haemophilus Influenzae" url="pag_ViewInvestigationBMIRDHib.htm" />
  <topic name="View Investigation Page - BMIRD Neisseria Meningitidis" url="pag_ViewInvestigationBMIRDNeisseriaMeningitidis.htm" />
  <topic name="View Investigation Page - BMIRD Streptococcus pneumoniae" url="pag_ViewInvestigationBMIRDStreptococcusPneumoniae.htm" />
  <topic name="View Investigation Page - Botulism" url="pag_FBViewInvestigationBotulism.htm" />
  <topic name="View Investigation Page - Cholera" url="pag_FBViewInvestigationCholera.htm" />
  <topic name="View Investigation Page - CRS" url="pag_ViewCRSInvestigation.htm" />
  <topic name="View Investigation Page - Cryptosporidiosis" url="pag_FBViewInvestigationCryptosporidiosis.htm" />
  <topic name="View Investigation Page - Cyclospora" url="pag_FBViewInvestigationCyclospora.htm" />
  <topic name="View Investigation Page - General Foodborne" url="pag_FBViewInvestigationGeneric.htm" />
  <topic name="View Investigation Page - Generic" url="pag_ViewInvestigationGeneric.htm" />
  <topic name="View Investigation Page - Hepatitis Generic" url="pag_ViewInvestigationHepatitis.htm" />
  <topic name="View Investigation Page - Hepatitis, Acute Hepatitis A" url="pag_ViewInvestigationHepatitisA.htm" />
  <topic name="View Investigation Page - Hepatitis, Acute Hepatitis B" url="pag_ViewInvestigationHepatitisB.htm" />
  <topic name="View Investigation Page - Hepatitis, Acute Hepatitis C" url="pag_ViewInvestigationHepatitisC.htm" />
  <topic name="View Investigation Page - Hepatitis, HCV Infection" url="pag_ViewInvestigationHCVInfection.htm" />
  <topic name="View Investigation Page - Hepatitis, Perinatal HBV Infection" url="pag_ViewInvestigationHBVInfection.htm" />
  <topic name="View Investigation Page - Listeria" url="pag_FBViewInvestigationListeria.htm" />
  <topic name="View Investigation Page - Measles" url="pag_ViewInvestigationMeasles.htm" />
  <topic name="View Investigation Page - Pertussis" url="pag_ViewInvestigationPertussis.htm" />
  <topic name="View Investigation Page - Rubella" url="pag_ViewInvestigationRubella.htm" />
  <topic name="View Investigation Page - Salmonella" url="pag_FBViewInvestigationSalmonella.htm" />
  <topic name="Viewing Investigations" url="prc_ViewingInvestigations.htm" />
  <topic name="Working with Investigations" url="ovr_WorkingWithInvestigations.htm" />
</key>
<key name="Laboratory" >
  <topic name="Add Lab Report Page" url="pag_AddLabReport.htm" />
  <topic name="Add Lab Report Page - Report Information Tab" url="pag_AddLabReportReportInfoTab.htm" />
  <topic name="Edit Lab Report Page" url="pag_EditObservationLabResults.htm" />
  <topic name="Edit Lab Report Page - Report Information Tab" url="pag_EditObservationLabResultsResultsTab.htm" />
  <topic name="ELR Activity Report Page - Criteria" url="pag_ELRActivityReportCriteria.htm" />
  <topic name="ELR Activity Report Page - View" url="pag_ELRActivityReportView.htm" />
  <topic name="ELR Program or Jurisdiction Assignment Page" url="pag_ELRsNeedingProgramJurisdictionAssignment.htm" />
  <topic name="Reviewing ELRs Needing Program or Jurisdiction Assignment" url="prc_ELRProgramJurisdictionAssignment.htm" />
  <topic name="Reviewing New Lab Reports" url="prc_ReviewNewLabReports.htm" />
  <topic name="View Lab Report Page" url="pag_ViewLabReport.htm" />
  <topic name="Working with ELR Activity Information" url="ovr_ELRActivityLog.htm" />
</key>
<key name="Listeria" >
  <topic name="View Investigation Page - Listeria" url="pag_FBViewInvestigationListeria.htm" />
</key>
<key name="Manage" >
  <topic name="Manage Observations Page" url="pag_ManageObservations.htm" />
  <topic name="Manage Summary Notifications Page" url="pag_ManageSummaryNotifications.htm" />
  <topic name="Manage Vaccinations Page" url="pag_ManageVaccineRecords.htm" />
  <topic name="Managing Observations" url="prc_ManagingObservations.htm" />
  <topic name="Managing Vaccination Records" url="prc_ManagingVaccinationRecords.htm" />
</key>
<key name="Measles" >
  <topic name="Add Investigation Page - Measles" url="pag_CreateInvestigationMeasles.htm" />
  <topic name="Edit Investigation Page - Measles" url="pag_EditInvestigationMeasles.htm" />
  <topic name="View Investigation Page - Measles" url="pag_ViewInvestigationMeasles.htm" />
</key>
<key name="Merge" >
  <topic name="Comments for Merge Page" url="pag_CommentsMerge.htm" />
  <topic name="Compare for Merge Page" url="pag_CompareMerge.htm" />
  <topic name="Select Person Records for Merge Page" url="pag_EnterPersonRecordsMerge.htm" />
  <topic name="Working with Merged Records" url="ovr_WorkingWithMergedRecords.htm" />
</key>
<key name="Morbidity" >
  <topic name="Add Observation - Morbidity Report Page" url="pag_AddObservationMorbidityReport.htm" />
  <topic name="Adding Morbidity Report" url="prc_AddingMorbidityReport.htm" />
  <topic name="Edit Observation - Morbidity Report Page" url="pag_EditObservationMorbidityCard.htm" />
  <topic name="Editing Morbidity Reports" url="prc_EditingMorbidityReport.htm" />
  <topic name="View Observation - Morbidity Report Page" url="pag_ViewObservationMorbidityCard.htm" />
</key>

</indexdata>
