<?xml version='1.0' encoding='ISO-8859-1' ?>
<indexdata>
<key name="Foodborne" >
  <topic name="Add Investigation Page - Botulism" url="pag_FBAddInvestigationBotulism.htm" />
  <topic name="Add Investigation Page - Cholera" url="pag_FBAddInvestigationCholera.htm" />
  <topic name="Add Investigation Page - Cryptosporidiosis" url="pag_FBAddInvestigationCryptosporidiosis.htm" />
  <topic name="Add Investigation Page - Cyclospora" url="pag_FBAddInvestigationCyclospora.htm" />
  <topic name="Add Investigation Page - General Foodborne" url="pag_FBAddInvestigationGeneric.htm" />
  <topic name="Add Investigation Page - Listeria" url="pag_FBAddInvestigationListeria.htm" />
  <topic name="Add Investigation Page - Salmonella" url="pag_FBAddInvestigationSalmonella.htm" />
  <topic name="Edit Investigation Page - Botulism" url="pag_FBEditInvestigationBotulism.htm" />
  <topic name="Edit Investigation Page - Cholera" url="pag_FBEditInvestigationCholera.htm" />
  <topic name="Edit Investigation Page - Cryptosporidiosis" url="pag_FBEditInvestigationCryptosporidiosis.htm" />
  <topic name="Edit Investigation Page - Cyclospora" url="pag_FBEditInvestigationCyclospora.htm" />
  <topic name="Edit Investigation Page - General Foodborne" url="pag_FBEditInvestigationGeneric.htm" />
  <topic name="Edit Investigation Page - Listeria" url="pag_FBEditInvestigationListeria.htm" />
  <topic name="Edit Investigation Page - Salmonella" url="pag_FBEditInvestigationSalmonella.htm" />
  <topic name="View Investigation Page - Botulism" url="pag_FBViewInvestigationBotulism.htm" />
  <topic name="View Investigation Page - Cholera" url="pag_FBViewInvestigationCholera.htm" />
  <topic name="View Investigation Page - Cryptosporidiosis" url="pag_FBViewInvestigationCryptosporidiosis.htm" />
  <topic name="View Investigation Page - Cyclospora" url="pag_FBViewInvestigationCyclospora.htm" />
  <topic name="View Investigation Page - General Foodborne" url="pag_FBViewInvestigationGeneric.htm" />
  <topic name="View Investigation Page - Listeria" url="pag_FBViewInvestigationListeria.htm" />
  <topic name="View Investigation Page - Salmonella" url="pag_FBViewInvestigationSalmonella.htm" />
</key>
<key name="HBV" >
  <topic name="View Investigation Page - Hepatitis, Perinatal HBV Infection" url="pag_ViewInvestigationHBVInfection.htm" />
</key>
<key name="HCV Infection" >
  <topic name="Add Investigation Page - Hepatitis" url="pag_CreateInvestigationHepatitis.htm" />
  <topic name="Add Investigation Page - Hepatitis, Acute Hepatitis A" url="pag_CreateInvestigationHepatitisA.htm" />
  <topic name="Add Investigation Page - Hepatitis, Acute Hepatitis B" url="pag_CreateInvestigationHepatitisB.htm" />
  <topic name="Add Investigation Page - Hepatitis, Acute Hepatitis C" url="pag_CreateInvestigationHepatitisC.htm" />
  <topic name="Add Investigation Page - Hepatitis, HCV Infection" url="pag_CreateInvestigationHCVInfection.htm" />
  <topic name="Add Investigation Page - Hepatitis, Perinatal HBV Infection" url="pag_CreateInvestigationHBVInfection.htm" />
  <topic name="Edit Investigation Page - Hepatitis" url="pag_EditInvestigationHepatitis.htm" />
  <topic name="Edit Investigation Page - Hepatitis, Acute Hepatitis A" url="pag_EditInvestigationHepatitisA.htm" />
  <topic name="Edit Investigation Page - Hepatitis, Acute Hepatitis B" url="pag_EditInvestigationHepatitisB.htm" />
  <topic name="Edit Investigation Page - Hepatitis, Acute Hepatitis C" url="pag_EditInvestigationHepatitisC.htm" />
  <topic name="Edit Investigation Page - Hepatitis, HCV Infection" url="pag_EditInvestigationHCVInfection.htm" />
  <topic name="Edit Investigation Page - Hepatitis, Perinatal HBV Infection" url="pag_EditInvestigationHBVInfection.htm" />
  <topic name="View Investigation Page - Hepatitis Generic" url="pag_ViewInvestigationHepatitis.htm" />
  <topic name="View Investigation Page - Hepatitis, Acute Hepatitis A" url="pag_ViewInvestigationHepatitisA.htm" />
  <topic name="View Investigation Page - Hepatitis, Acute Hepatitis B" url="pag_ViewInvestigationHepatitisB.htm" />
  <topic name="View Investigation Page - Hepatitis, Acute Hepatitis C" url="pag_ViewInvestigationHepatitisC.htm" />
  <topic name="View Investigation Page - Hepatitis, HCV Infection" url="pag_ViewInvestigationHCVInfection.htm" />
  <topic name="View Investigation Page - Hepatitis, Perinatal HBV Infection" url="pag_ViewInvestigationHBVInfection.htm" />
</key>
<key name="Hepatitis" >
  <topic name="Add Investigation Page - Hepatitis" url="pag_CreateInvestigationHepatitis.htm" />
  <topic name="Add Investigation Page - Hepatitis, Acute Hepatitis A" url="pag_CreateInvestigationHepatitisA.htm" />
  <topic name="Add Investigation Page - Hepatitis, Acute Hepatitis B" url="pag_CreateInvestigationHepatitisB.htm" />
  <topic name="Add Investigation Page - Hepatitis, Acute Hepatitis C" url="pag_CreateInvestigationHepatitisC.htm" />
  <topic name="Add Investigation Page - Hepatitis, HCV Infection" url="pag_CreateInvestigationHCVInfection.htm" />
  <topic name="Add Investigation Page - Hepatitis, Perinatal HBV Infection" url="pag_CreateInvestigationHBVInfection.htm" />
  <topic name="Edit Investigation Page - Hepatitis" url="pag_EditInvestigationHepatitis.htm" />
  <topic name="Edit Investigation Page - Hepatitis, Acute Hepatitis A" url="pag_EditInvestigationHepatitisA.htm" />
  <topic name="Edit Investigation Page - Hepatitis, Acute Hepatitis B" url="pag_EditInvestigationHepatitisB.htm" />
  <topic name="Edit Investigation Page - Hepatitis, Acute Hepatitis C" url="pag_EditInvestigationHepatitisC.htm" />
  <topic name="Edit Investigation Page - Hepatitis, HCV Infection" url="pag_EditInvestigationHCVInfection.htm" />
  <topic name="Edit Investigation Page - Hepatitis, Perinatal HBV Infection" url="pag_EditInvestigationHBVInfection.htm" />
  <topic name="View Investigation Page - Hepatitis Generic" url="pag_ViewInvestigationHepatitis.htm" />
  <topic name="View Investigation Page - Hepatitis, Acute Hepatitis A" url="pag_ViewInvestigationHepatitisA.htm" />
  <topic name="View Investigation Page - Hepatitis, Acute Hepatitis B" url="pag_ViewInvestigationHepatitisB.htm" />
  <topic name="View Investigation Page - Hepatitis, Acute Hepatitis C" url="pag_ViewInvestigationHepatitisC.htm" />
  <topic name="View Investigation Page - Hepatitis, HCV Infection" url="pag_ViewInvestigationHCVInfection.htm" />
  <topic name="View Investigation Page - Hepatitis, Perinatal HBV Infection" url="pag_ViewInvestigationHBVInfection.htm" />
</key>

</indexdata>
