<?xml version='1.0' encoding='ISO-8859-1' ?>
<indexdata>
<key name="Providers" >
  <topic name="Add Provider Page" url="pag_AddProvider.htm" />
  <topic name="Adding Providers" url="prc_AddingProviders.htm" />
  <topic name="Choosing Facilities and Providers" url="prc_AddingLabReportFacilitiesProviders.htm" />
  <topic name="Edit Provider Page" url="pag_EditProvider.htm" />
  <topic name="Editing Provider Information" url="prc_EditingProviderInformation.htm" />
  <topic name="Find Provider Page" url="pag_FindProvider.htm" />
  <topic name="Inactivating Providers" url="prc_InactivatingProviders.htm" />
  <topic name="Searching and Viewing Provider Information" url="ovr_SearchViewProviders.htm" />
  <topic name="Searching Providers" url="prc_SearchingProviders.htm" />
  <topic name="Using Quick Codes" url="prc_AddingLabReportFacilitiesProvidersQuickCodes.htm" />
  <topic name="View Provider Page" url="pag_ViewProvider.htm" />
  <topic name="Viewing Provider Information" url="prc_ViewingProviderInformation.htm" />
</key>
<key name="Refine" >
  <topic name="Refining the Results of Your Search - Organization" url="prc_RefiningSearchOrganization.htm" />
</key>
<key name="Report" >
  <topic name="Add Observation - Lab Report Page" url="pag_AddObservationLabResults.htm" />
  <topic name="Add Observation - Morbidity Report Page" url="pag_AddObservationMorbidityReport.htm" />
  <topic name="Adding a Summary Report" url="prc_EnteringSummaryData.htm#Adding a Summary Report" />
  <topic name="Adding Morbidity Report" url="prc_AddingMorbidityReport.htm" />
  <topic name="Adding Observations - Lab Reports" url="prc_AddingLabReports.htm" />
  <topic name="Custom Reports" url="pag_CustomReports.htm" />
  <topic name="Deleting Reports" url="prc_DeletingReports.htm" />
  <topic name="Edit Observation - Lab Report Page" url="pag_EditObservationLabResults.htm" />
  <topic name="Edit Observation - Morbidity Report Page" url="pag_EditObservationMorbidityCard.htm" />
  <topic name="Editing Morbidity Reports" url="prc_EditingMorbidityReport.htm" />
  <topic name="Editing Observations - Lab Reports" url="prc_EditingObservationsLabResults.htm" />
  <topic name="ELR Activity Report Page - Criteria" url="pag_ELRActivityReportCriteria.htm" />
  <topic name="ELR Activity Report Page - View" url="pag_ELRActivityReportView.htm" />
  <topic name="ELR Program or Jurisdiction Assignment Page" url="pag_ELRsNeedingProgramJurisdictionAssignment.htm" />
  <topic name="Exporting Reports" url="prc_ExportingReports.htm" />
  <topic name="New Lab Reports for Review Page" url="pag_NewLabReportsReview.htm" />
  <topic name="Reports Page - Advanced Filter Selection Tab" url="pag_ReportsAdvancedFilterTab.htm" />
  <topic name="Reports Page - Basic Filter Selection Tab" url="pag_ReportsBasicFilterTab.htm" />
  <topic name="Reports Page - Column Selection Tab" url="pag_ReportsColumnSelectionTab.htm" />
  <topic name="Reports Page - Report List" url="pag_ReportList.htm" />
  <topic name="Reports Page - Run Report" url="pag_RunReport.htm" />
  <topic name="Reports Page - Save Report" url="pag_SaveReport.htm" />
  <topic name="Reviewing ELRs Needing Program or Jurisdiction Assignment" url="prc_ELRProgramJurisdictionAssignment.htm" />
  <topic name="Reviewing New Lab Reports" url="prc_ReviewNewLabReports.htm" />
  <topic name="Running Reports" url="prc_RunningReports.htm" />
  <topic name="Saving Reports" url="prc_SavingReports.htm" />
  <topic name="Standard Reports" url="ref_StandardReports.htm" />
  <topic name="Summary Reports Page" url="pag_SummaryReports.htm" />
  <topic name="View Observation - Lab Report" url="pag_ViewObservationLabResults.htm" />
  <topic name="View Observation - Morbidity Report Page" url="pag_ViewObservationMorbidityCard.htm" />
  <topic name="Viewing and Selecting Reports" url="prc_ViewingReports.htm" />
  <topic name="Viewing Observations" url="prc_ViewingObservationsLab_Results.htm" />
  <topic name="Working with ELR Activity Information" url="ovr_ELRActivityLog.htm" />
  <topic name="Working with Reports" url="ovr_WorkingWithReports.htm" />
</key>
<key name="Review" >
  <topic name="New Lab Reports for Review Page" url="pag_NewLabReportsReview.htm" />
  <topic name="Review Notifications Page" url="pag_ReviewNotifications.htm" />
  <topic name="Reviewing ELRs Needing Program or Jurisdiction Assignment" url="prc_ELRProgramJurisdictionAssignment.htm" />
  <topic name="Reviewing New Lab Reports" url="prc_ReviewNewLabReports.htm" />
  <topic name="Reviewing Notifications" url="prc_ReviewingNotifications.htm" />
  <topic name="View Investigation Page - Review Notifications" url="pag_ViewInvestigationReviewNotification.htm" />
</key>
<key name="Revision" >
  <topic name="Search Results Page" url="pag_SearchResults.htm" />
</key>
<key name="Role" >
  <topic name="Administering Users and Permission Sets" url="ovr_AdministeringUsersRolesPermissionSets.htm" />
  <topic name="Understanding NBS Security" url="ovr_UnderstandingNBSSecurity.htm" />
</key>
<key name="Rubella" >
  <topic name="Add Investigation Page - Rubella" url="pag_CreateInvestigationRubella.htm" />
  <topic name="Edit Investigation Page - Rubella" url="pag_EditInvestigationRubella.htm" />
  <topic name="View Investigation Page - Rubella" url="pag_ViewInvestigationRubella.htm" />
</key>
<key name="Run" >
  <topic name="Reports Page, Run Report" url="pag_RunReport.htm" />
  <topic name="Running Reports" url="prc_RunningReports.htm" />
  <topic name="Selecting Criteria and Running Standard Reports" url="prc_SelectingCriteriaRunningReports.htm" />
</key>
<key name="Salmonella" >
  <topic name="View Investigation Page - Salmonella" url="pag_FBViewInvestigationSalmonella.htm" />
</key>
<key name="Save" >
  <topic name="Reports Page, Save Report" url="pag_SaveReport.htm" />
  <topic name="Saving Reports" url="prc_SavingReports.htm" />
</key>
<key name="Search" >
  <topic name="Find Organization Page" url="pag_FindOrganizationSearchCriteria.htm" />
  <topic name="Find Person Page" url="pag_PersonSearch.htm" />
  <topic name="Find Provider Page" url="pag_FindProvider.htm" />
  <topic name="Organization Search Results Page" url="pag_FindOrganizationSearchResults.htm" />
  <topic name="Organization Search Results Page - Entity" url="pag_EntitySearchResultsOrganization.htm" />
  <topic name="Performing a New Search - Organization" url="prc_NewSearchOrganization.htm" />
  <topic name="Performing a New Search - Person" url="prc_NewSearch.htm" />
  <topic name="Person Search Results Page - Entity" url="pag_EntitySearchResultsPerson.htm" />
  <topic name="Refining the Results of Your Search - Organization" url="prc_RefiningSearchOrganization.htm" />
  <topic name="Refining the Results of Your Search - Person" url="prc_RefiningSearch.htm" />
  <topic name="Search Results Page" url="pag_SearchResults.htm" />
  <topic name="Searching and Viewing Organizations" url="ovr_FindingViewingOrganizations.htm" />
  <topic name="Searching Organizations" url="prc_FindingOrganizations.htm" />
  <topic name="Searching Persons" url="prc_SearchingPersons.htm" />
  <topic name="Searching Providers" url="prc_SearchingProviders.htm" />
</key>
<key name="Security" >
  <topic name="Administering Users and Permission Sets" url="ovr_AdministeringUsersRolesPermissionSets.htm" />
  <topic name="Understanding NBS Security" url="ovr_UnderstandingNBSSecurity.htm" />
</key>
<key name="Select" >
  <topic name="Choosing Filter Selection Criteria" url="prc_ChoosingELRActivityReportCriteria.htm" />
  <topic name="Reports Page - Advanced Filter Selection Tab" url="pag_ReportsAdvancedFilterTab.htm" />
  <topic name="Reports Page - Basic Filter Selection Tab" url="pag_ReportsBasicFilterTab.htm" />
  <topic name="Reports Page - Column Selection Tab" url="pag_ReportsColumnSelectionTab.htm" />
  <topic name="Select Condition Page" url="pag_CreateInvestigationSelectCondition.htm" />
  <topic name="Select Permission Set Page" url="pag_SecurityAdminSelectPermissionSet.htm" />
  <topic name="Select Type of Observation Page" url="pag_EnterObservation.htm" />
  <topic name="Selecting Advanced Filter Criteria" url="prc_ChoosingAdvancedFilterCriteria.htm" />
  <topic name="Selecting Basic Filter Criteria" url="prc_ChoosingBasicFilterCriteria.htm" />
  <topic name="Selecting Columns" url="prc_SelectingColumns.htm" />
  <topic name="Selecting Criteria and Running Standard Reports" url="prc_SelectingCriteriaRunningReports.htm" />
  <topic name="Selecting Observations" url="prc_SelectingObservations.htm" />
  <topic name="Viewing and Selecting Reports" url="prc_ViewingReports.htm" />
</key>
<key name="Submit" >
  <topic name="Submit Error Page" url="pag_DataConcurrenceError.htm" />
</key>
<key name="Summary" >
  <topic name="Manage Summary Notifications Page" url="pag_ManageSummaryNotifications.htm" />
  <topic name="Working with Summary Data" url="ovr_SummaryData.htm" />
</key>
<key name="Supported Conditions" >
  <topic name="Which Conditions does the NBS Support?" url="ovr_SupportedConditions.htm" />
</key>
<key name="Susceptibility" >
  <topic name="Add Susceptibility Page" url="pag_AddSusceptibility.htm" />
  <topic name="Edit Susceptibility Page" url="pag_EditSusceptibility.htm" />
  <topic name="Editing Susceptibility Information" url="prc_EditingSusceptibilityInformation.htm" />
  <topic name="Entering Susceptibility Information" url="prc_EnteringSusceptibilityInformation.htm" />
  <topic name="View Susceptibility Page" url="pag_ViewSusceptibility.htm" />
</key>
<key name="Tetanus" >
  <topic name="View Investigation Page - Tetanus" url="pag_ViewInvestigationTetanus.htm" />
</key>
<key name="Transfer" >
  <topic name="Transfer Confirmation Page" url="pag_TransferConfirmation.htm" />
  <topic name="Transfer Ownership Page" url="pag_TransferOwnership.htm" />
  <topic name="Transferring Ownership" url="prc_TransferringOwnership.htm" />
</key>
<key name="User" >
  <topic name="Add User Page" url="pag_SecurityAdminAddUser.htm" />
  <topic name="Adding Users" url="prc_AddingUsers.htm" />
  <topic name="Administering Users" url="ovr_AdministeringUsers.htm" />
  <topic name="Administering Users and Permission Sets" url="ovr_AdministeringUsersRolesPermissionSets.htm" />
  <topic name="Edit User Page" url="pag_SecurityAdminEditUser.htm" />
  <topic name="Editing Users" url="prc_EditingUsers.htm" />
  <topic name="Finding Users" url="prc_FindingUsers.htm" />
  <topic name="Users Page" url="pag_SecurityAdminUsers.htm" />
  <topic name="View User Page" url="pag_SecurityAdminViewUser.htm" />
</key>

</indexdata>
