<?xml version='1.0' encoding='ISO-8859-1' ?>
<indexdata>
<key name="Mumps" >
  <topic name="View Investigation Page - Mumps" url="pag_ViewInvestigationMumps.htm" />
</key>
<key name="National Immunization Program (NIP)" >
  <topic name="Edit Investigation Page - CRS" url="pag_EditInvestigationCRS.htm" />
  <topic name="Edit Investigation Page - Measles" url="pag_EditInvestigationMeasles.htm" />
  <topic name="Edit Investigation Page - Pertussis" url="pag_EditInvestigationPertussis.htm" />
</key>
<key name="Nationally Notifiable Diseases" >
  <topic name="Create Notification Page" url="pag_CreateNotification.htm" />
  <topic name="Creating Notifications" url="prc_CreatingNotifications.htm" />
  <topic name="Manage Summary Notifications Page" url="pag_ManageSummaryNotifications.htm" />
  <topic name="Review Notifications Page" url="pag_ReviewNotifications.htm" />
  <topic name="Working with Notifications" url="ovr_WorkingWithNotifications.htm" />
</key>
<key name="NIP (National Immunization Program)" >
  <topic name="Edit Investigation Page - CRS" url="pag_EditInvestigationCRS.htm" />
  <topic name="Edit Investigation Page - Measles" url="pag_EditInvestigationMeasles.htm" />
  <topic name="Edit Investigation Page - Pertussis" url="pag_EditInvestigationPertussis.htm" />
</key>
<key name="NND" >
  <topic name="Create Notification Page" url="pag_CreateNotification.htm" />
  <topic name="Creating Notifications" url="prc_CreatingNotifications.htm" />
  <topic name="Manage Summary Notifications Page" url="pag_ManageSummaryNotifications.htm" />
  <topic name="Review Notifications Page" url="pag_ReviewNotifications.htm" />
  <topic name="Working with Notifications" url="ovr_WorkingWithNotifications.htm" />
</key>
<key name="Notifications" >
  <topic name="Create Notification Page" url="pag_CreateNotification.htm" />
  <topic name="Creating Notifications" url="prc_CreatingNotifications.htm" />
  <topic name="Manage Summary Notifications Page" url="pag_ManageSummaryNotifications.htm" />
  <topic name="Review Notifications Page" url="pag_ReviewNotifications.htm" />
  <topic name="Working with Notifications" url="ovr_WorkingWithNotifications.htm" />
</key>
<key name="Observation" >
  <topic name="Add Observation - Lab Report Page" url="pag_AddObservationLabResults.htm" />
  <topic name="Add Observation - Morbidity Report Page" url="pag_AddObservationMorbidityReport.htm" />
  <topic name="Adding Observations" url="ovr_AddingObservations.htm" />
  <topic name="Edit Observation - Lab Report Page" url="pag_EditObservationLabResults.htm" />
  <topic name="Edit Observation - Morbidity Report Page" url="pag_EditObservationMorbidityCard.htm" />
  <topic name="Editing Observations - Lab Results" url="prc_EditingObservationsLabResults.htm" />
  <topic name="Manage Observations Page" url="pag_ManageObservations.htm" />
  <topic name="Managing Observations" url="prc_ManagingObservations.htm" />
  <topic name="Observation Confirmation Page" url="pag_ObservationConfirmation.htm" />
  <topic name="Observation Delete Denied Page" url="pag_ObservationRecordDeleteDenied.htm" />
  <topic name="Select Type of Observation Page" url="pag_EnterObservation.htm" />
  <topic name="View Observation - Lab Results" url="pag_ViewObservationLabResults.htm" />
  <topic name="View Observation - Morbidity Report Page" url="pag_ViewObservationMorbidityCard.htm" />
  <topic name="Viewing Observations - Lab Results" url="prc_ViewingObservationsLab_Results.htm" />
  <topic name="Working with Observations" url="ovr_WorkingWithObservations.htm" />
</key>
<key name="Organization" >
  <topic name="Add Organization Page" url="pag_AddOrganization.htm" />
  <topic name="Adding Organizations" url="prc_AddingOrganizations.htm" />
  <topic name="Deleting Organizations" url="prc_DeletingOrganizations.htm" />
  <topic name="Edit Organization Page" url="pag_EditOrganization.htm" />
  <topic name="Editing and Adding Organizations" url="ovr_EditingAddingOrganizations.htm" />
  <topic name="Editing Organization Information" url="prc_EditingOrganizationInformation.htm" />
  <topic name="Find Organization Page" url="pag_FindOrganizationSearchCriteria.htm" />
  <topic name="Organization Delete Denied Page" url="pag_OrganizationDeleteDenied.htm" />
  <topic name="Organization Search Criteria Page - Entity" url="pag_EntitySearchCriteriaOrganization.htm" />
  <topic name="Organization Search Results Page" url="pag_FindOrganizationSearchResults.htm" />
  <topic name="Organization Search Results Page - Entity" url="pag_EntitySearchResultsOrganization.htm" />
  <topic name="Performing a New Search - Organization" url="prc_NewSearchOrganization.htm" />
  <topic name="Refining the Results of Your Search - Organization" url="prc_RefiningSearchOrganization.htm" />
  <topic name="Searching and Viewing Organizations" url="ovr_FindingViewingOrganizations.htm" />
  <topic name="Searching Organizations" url="prc_FindingOrganizations.htm" />
  <topic name="View Organization Page" url="pag_ViewOrganization.htm" />
  <topic name="Viewing Organization Information" url="prc_ViewingOrganizationInformation.htm" />
</key>
<key name="PAMs" >
  <topic name="Which Conditions does the NBS Support?" url="ovr_SupportedConditions.htm" />
</key>
<key name="Patient" >
  <topic name="Find Person Page" url="pag_PersonSearch.htm" />
  <topic name="Refining the Results of Your Search - Person" url="prc_RefiningSearch.htm" />
  <topic name="Search Results Page" url="pag_SearchResults.htm" />
  <topic name="Searching and Viewing Persons" url="ovr_SearchingandViewingPersons.htm" />
  <topic name="Searching Persons" url="prc_SearchingPersons.htm" />
  <topic name="View Person Page" url="pag_ViewPerson.htm" />
</key>
<key name="Perform" >
  <topic name="Performing a New Search - Organization" url="prc_NewSearchOrganization.htm" />
  <topic name="Performing a New Search - Person" url="prc_NewSearch.htm" />
</key>
<key name="Perinatal HBV Infection" >
  <topic name="Add Investigation Page - Hepatitis" url="pag_CreateInvestigationHepatitis.htm" />
  <topic name="Add Investigation Page - Hepatitis, Acute Hepatitis A" url="pag_CreateInvestigationHepatitisA.htm" />
  <topic name="Add Investigation Page - Hepatitis, Acute Hepatitis B" url="pag_CreateInvestigationHepatitisB.htm" />
  <topic name="Add Investigation Page - Hepatitis, Acute Hepatitis C" url="pag_CreateInvestigationHepatitisC.htm" />
  <topic name="Add Investigation Page - Hepatitis, HCV Infection" url="pag_CreateInvestigationHCVInfection.htm" />
  <topic name="Add Investigation Page - Hepatitis, Perinatal HBV Infection" url="pag_CreateInvestigationHBVInfection.htm" />
  <topic name="Edit Investigation Page - Hepatitis" url="pag_EditInvestigationHepatitis.htm" />
  <topic name="Edit Investigation Page - Hepatitis, Acute Hepatitis A" url="pag_EditInvestigationHepatitisA.htm" />
  <topic name="Edit Investigation Page - Hepatitis, Acute Hepatitis B" url="pag_EditInvestigationHepatitisB.htm" />
  <topic name="Edit Investigation Page - Hepatitis, Acute Hepatitis C" url="pag_EditInvestigationHepatitisC.htm" />
  <topic name="Edit Investigation Page - Hepatitis, HCV Infection" url="pag_EditInvestigationHCVInfection.htm" />
  <topic name="Edit Investigation Page - Hepatitis, Perinatal HBV Infection" url="pag_EditInvestigationHBVInfection.htm" />
  <topic name="View Investigation Page - Hepatitis Generic" url="pag_ViewInvestigationHepatitis.htm" />
  <topic name="View Investigation Page - Hepatitis, Acute Hepatitis A" url="pag_ViewInvestigationHepatitisA.htm" />
  <topic name="View Investigation Page - Hepatitis, Acute Hepatitis B" url="pag_ViewInvestigationHepatitisB.htm" />
  <topic name="View Investigation Page - Hepatitis, Acute Hepatitis C" url="pag_ViewInvestigationHepatitisC.htm" />
  <topic name="View Investigation Page - Hepatitis, HCV Infection" url="pag_ViewInvestigationHCVInfection.htm" />
  <topic name="View Investigation Page - Hepatitis, Perinatal HBV Infection" url="pag_ViewInvestigationHBVInfection.htm" />
</key>
<key name="Permission Set" >
  <topic name="Add Permission Set Page" url="pag_SecurityAdminAddPermissionSet.htm" />
  <topic name="Adding Permission Sets" url="prc_AddingPermissionSets.htm" />
  <topic name="Administering Permission Sets" url="ovr_AdministeringPermissionSets.htm" />
  <topic name="Administering Users and Permission Sets" url="ovr_AdministeringUsersRolesPermissionSets.htm" />
  <topic name="Edit Permission Set Page" url="pag_SecurityAdminEditPermissionSet.htm" />
  <topic name="Editing Permission Sets" url="prc_EditingPermissionSets.htm" />
  <topic name="Permission Sets Page" url="pag_SecurityAdminPermissionSet.htm" />
  <topic name="Select Permission Set Page" url="pag_SecurityAdminSelectPermissionSet.htm" />
  <topic name="View Permission Set Page" url="pag_SecurityAdminViewPermissionSet.htm" />
  <topic name="Viewing Permission Sets" url="prc_ViewingPermissionSets.htm" />
</key>
<key name="Person" >
  <topic name="Add Person - Basic Page" url="pag_AddPerson.htm" />
  <topic name="Add Person - Extended Page" url="pag_AddPersonExtended.htm" />
  <topic name="Adding Extended Person Information" url="prc_AddingPersonsExtended.htm" />
  <topic name="Adding Persons" url="prc_AddingPersons.htm" />
  <topic name="Deleting Persons" url="prc_DeletingPersons.htm" />
  <topic name="Edit Person Page" url="pag_EditPerson.htm" />
  <topic name="Editing and Adding Persons" url="ovr_EditingAddingPersons.htm" />
  <topic name="Editing Person Information" url="prc_EditingPersonInformation.htm" />
  <topic name="Enter Person Records for Merge Page" url="pag_EnterPersonRecordsMerge.htm" />
  <topic name="Performing a New Search" url="prc_NewSearch.htm" />
  <topic name="Person Delete Denied Page" url="pag_PersonDeleteDenied.htm" />
  <topic name="Person Search Criteria Page - Entity" url="pag_EntitySearchCriteriaPerson.htm" />
  <topic name="Person Search Results Page - Entity" url="pag_EntitySearchResultsPerson.htm" />
  <topic name="Viewing Person Information" url="prc_ViewingPersonInformation.htm" />
  <topic name="Working with Person Files" url="ovr_WorkingWithInvestigationsNotifications.htm" />
</key>
<key name="Pertussis" >
  <topic name="Add Investigation Page - Pertussis" url="pag_CreateInvestigationPertussis.htm" />
  <topic name="Edit Investigation Page - Pertussis" url="pag_EditInvestigationPertussis.htm" />
  <topic name="View Investigation Page - Pertussis" url="pag_ViewInvestigationPertussis.htm" />
</key>
<key name="Print" >
  <topic name="Printing Investigations" url="prc_PrintingInvestigations.htm" />
</key>
<key name="Program Area Module (PAM)  Conditions" >
  <topic name="Which Conditions does the NBS Support?" url="ovr_SupportedConditions.htm" />
</key>
<key name="Program Area Module (PAM) Conditions" >
  <topic name="Which Conditions does the NBS Support?" url="ovr_SupportedConditions.htm" />
</key>
<key name="Program Area Modules (PAMs)" >
  <topic name="Which Conditions does the NBS Support?" url="ovr_SupportedConditions.htm" />
</key>
<key name="Provider" >
  <topic name="Find Provider Page" url="pag_FindProvider.htm" />
  <topic name="Refining the Results of Your Search - Person" url="prc_RefiningSearch.htm" />
  <topic name="Search Results Page" url="pag_SearchResults.htm" />
  <topic name="Searching and Viewing Persons" url="ovr_SearchingandViewingPersons.htm" />
  <topic name="Searching Providers" url="prc_SearchingProviders.htm" />
  <topic name="View Provider Page" url="pag_ViewProvider.htm" />
</key>

</indexdata>
