<?xml version='1.0' encoding='ISO-8859-1' ?>
<indexdata>
<key name="Criteria" >
  <topic name="Choosing Filter Selection Criteria" url="prc_ChoosingELRActivityReportCriteria.htm" />
  <topic name="ELR Activity Report Page" url="pag_ELRActivityReportCriteria.htm" />
  <topic name="Find Organization Page" url="pag_FindOrganizationSearchCriteria.htm" />
  <topic name="Organization Search Criteria Page - Entity" url="pag_EntitySearchCriteriaOrganization.htm" />
  <topic name="Person Search Criteria Page - Entity" url="pag_EntitySearchCriteriaPerson.htm" />
  <topic name="Selecting Advanced Filter Criteria" url="prc_ChoosingAdvancedFilterCriteria.htm" />
  <topic name="Selecting Basic Filter Criteria" url="prc_ChoosingBasicFilterCriteria.htm" />
  <topic name="Selecting Criteria and Running Standard Reports" url="prc_SelectingCriteriaRunningReports.htm" />
</key>
<key name="CRS" >
  <topic name="Add Investigation Page - CRS" url="pag_CreateInvestigationCRS.htm" />
  <topic name="Edit Investigation Page - CRS" url="pag_EditInvestigationCRS.htm" />
  <topic name="View Investigation Page - CRS" url="pag_ViewCRSInvestigation.htm" />
</key>
<key name="Cryptosporidiosis" >
  <topic name="View Investigation Page - Cryptosporidiosis" url="pag_FBViewInvestigationCryptosporidiosis.htm" />
</key>
<key name="Cyclospora" >
  <topic name="View Investigation Page - Cyclospora" url="pag_FBViewInvestigationCyclospora.htm" />
</key>
<key name="Delete" >
  <topic name="Deleting Organizations" url="prc_DeletingOrganizations.htm" />
  <topic name="Deleting Persons" url="prc_DeletingPersons.htm" />
  <topic name="Deleting Reports" url="prc_DeletingReports.htm" />
  <topic name="Deleting Vaccination Records" url="prc_DeletingVaccinationRecords.htm" />
  <topic name="Observation Delete Denied Page" url="pag_ObservationRecordDeleteDenied.htm" />
  <topic name="Organization Delete Denied Page" url="pag_OrganizationDeleteDenied.htm" />
  <topic name="Person Delete Denied Page" url="pag_PersonDeleteDenied.htm" />
  <topic name="Vaccine Record Delete Denied Page" url="pag_VaccineRecordDeleteDenied.htm" />
</key>
<key name="Demographics" >
  <topic name="Add Person Page" url="pag_AddPerson.htm" />
  <topic name="Adding Persons" url="prc_AddingPersons.htm" />
  <topic name="Deleting Persons" url="prc_DeletingPersons.htm" />
  <topic name="Demographics Tab" url="pag_ViewWorkupDemographics.htm" />
  <topic name="Edit Person Page" url="pag_EditPerson.htm" />
  <topic name="Editing and Adding Persons" url="ovr_EditingAddingPersons.htm" />
  <topic name="Editing Person Information" url="prc_EditingPersonInformation.htm" />
  <topic name="Enter Person Records for Merge Page" url="pag_EnterPersonRecordsMerge.htm" />
  <topic name="Find Person Page" url="pag_PersonSearch.htm" />
  <topic name="Find Provider Page" url="pag_FindProvider.htm" />
  <topic name="Performing a New Search - Person" url="prc_NewSearch.htm" />
  <topic name="Person Delete Denied Page" url="pag_PersonDeleteDenied.htm" />
  <topic name="Person Search Criteria Page - Entity" url="pag_EntitySearchCriteriaPerson.htm" />
  <topic name="Person Search Results Page - Entity" url="pag_EntitySearchResultsPerson.htm" />
  <topic name="Refining the Results of Your Search - Person" url="prc_RefiningSearch.htm" />
  <topic name="Search Results Page" url="pag_SearchResults.htm" />
  <topic name="Searching and Viewing Persons" url="ovr_SearchingandViewingPersons.htm" />
  <topic name="Searching Persons" url="prc_SearchingPersons.htm" />
  <topic name="Searching Providers" url="prc_SearchingProviders.htm" />
  <topic name="View Person Page" url="pag_ViewPerson.htm" />
  <topic name="View Provider Page" url="pag_ViewProvider.htm" />
  <topic name="Viewing Person Information" url="prc_ViewingPersonInformation.htm" />
  <topic name="Working with Person Files" url="ovr_WorkingWithInvestigationsNotifications.htm" />
</key>
<key name="Edit" >
  <topic name="Edit Investigation Page - BMIRD Generic" url="pag_EditInvestigationBMIRD.htm" />
  <topic name="Edit Investigation Page - BMIRD Group A Streptococcus" url="pag_EditInvestigationBMIRDGroupAStrep.htm" />
  <topic name="Edit Investigation Page - BMIRD Group B Streptococcus" url="pag_EditInvestigationBMIRDGroupBStrep.htm" />
  <topic name="Edit Investigation Page - BMIRD Haemophilus Influenzae" url="pag_EditInvestigationBMIRDHib.htm" />
  <topic name="Edit Investigation Page - BMIRD Neisseria Meningitidis" url="pag_EditInvestigationBMIRDNeisseriaMeningitidis.htm" />
  <topic name="Edit Investigation Page - BMIRD Streptococcus pneumoniae" url="pag_EditInvestigationPageBMIRDStreptococcusPneumoniae.htm" />
  <topic name="Edit Investigation Page - CRS" url="pag_EditInvestigationCRS.htm" />
  <topic name="Edit Investigation Page - Generic" url="pag_EditInvestigationGeneric.htm" />
  <topic name="Edit Investigation Page - Hepatitis" url="pag_EditInvestigationHepatitis.htm" />
  <topic name="Edit Investigation Page - Hepatitis, Acute Hepatitis A" url="pag_EditInvestigationHepatitisA.htm" />
  <topic name="Edit Investigation Page - Hepatitis, Acute Hepatitis B" url="pag_EditInvestigationHepatitisB.htm" />
  <topic name="Edit Investigation Page - Hepatitis, Acute Hepatitis C" url="pag_EditInvestigationHepatitisC.htm" />
  <topic name="Edit Investigation Page - Hepatitis, HCV Infection" url="pag_EditInvestigationHCVInfection.htm" />
  <topic name="Edit Investigation Page - Hepatitis, Perinatal HBV Infection" url="pag_EditInvestigationHBVInfection.htm" />
  <topic name="Edit Investigation Page - Measles" url="pag_EditInvestigationMeasles.htm" />
  <topic name="Edit Investigation Page - Pertussis" url="pag_EditInvestigationPertussis.htm" />
  <topic name="Edit Investigation Page - Rubella" url="pag_EditInvestigationRubella.htm" />
  <topic name="Edit Observation - Lab Report Page" url="pag_EditObservationLabResults.htm" />
  <topic name="Edit Observation - Morbidity Report Page" url="pag_EditObservationMorbidityCard.htm" />
  <topic name="Edit Organization Page" url="pag_EditOrganization.htm" />
  <topic name="Edit Outbreak Page" url="pag_EditOutbreak.htm" />
  <topic name="Edit Permission Set Page" url="pag_SecurityAdminEditPermissionSet.htm" />
  <topic name="Edit Person Page" url="pag_EditPerson.htm" />
  <topic name="Edit Susceptibility Page" url="pag_EditSusceptibility.htm" />
  <topic name="Edit User Page" url="pag_SecurityAdminEditUser.htm" />
  <topic name="Edit Vaccination Page" url="pag_EditVaccinationRecord.htm" />
  <topic name="Editing Investigations" url="prc_EditingInvestigations.htm" />
  <topic name="Editing Morbidity Reports" url="prc_EditingMorbidityReport.htm" />
  <topic name="Editing Observations - Lab Results" url="prc_EditingObservationsLabResults.htm" />
  <topic name="Editing Organization Information" url="prc_EditingOrganizationInformation.htm" />
  <topic name="Editing Permission Sets" url="prc_EditingPermissionSets.htm" />
  <topic name="Editing Person Information" url="prc_EditingPersonInformation.htm" />
  <topic name="Editing Summary Data" url="prc_EnteringSummaryData.htm#Editing Summary Data" />
  <topic name="Editing Users" url="prc_EditingUsers.htm" />
  <topic name="Editing Vaccination Records" url="prc_EditingVaccinationRecords.htm" />
</key>
<key name="Electronic Lab Report" >
  <topic name="ELR Activity Report Page - Criteria" url="pag_ELRActivityReportCriteria.htm" />
  <topic name="ELR Activity Report Page - View" url="pag_ELRActivityReportView.htm" />
  <topic name="Observations Needing Assignment Page" url="pag_ELRsNeedingProgramJurisdictionAssignment.htm" />
  <topic name="Reviewing ELRs Needing Program or Jurisdiction Assignment" url="prc_ELRProgramJurisdictionAssignment.htm" />
  <topic name="Working with ELR Activity Information" url="ovr_ELRActivityLog.htm" />
</key>
<key name="ELR" >
  <topic name="ELR Activity Report Page - Criteria" url="pag_ELRActivityReportCriteria.htm" />
  <topic name="ELR Activity Report Page - View" url="pag_ELRActivityReportView.htm" />
  <topic name="Observations Needing Assignment Page" url="pag_ELRsNeedingProgramJurisdictionAssignment.htm" />
  <topic name="Reviewing ELRs Needing Program or Jurisdiction Assignment" url="prc_ELRProgramJurisdictionAssignment.htm" />
  <topic name="Working with ELR Activity Information" url="ovr_ELRActivityLog.htm" />
</key>
<key name="Enter" >
  <topic name="Entering Data" url="ovr_WorkingWithDemographics.htm" />
  <topic name="Entering Lab Order Information" url="prc_EnteringLabOrderInfo.htm" />
  <topic name="Entering Lab Result Information" url="prc_EnteringLabResultInformation.htm" />
  <topic name="Entering Susceptibility Information" url="prc_EnteringSusceptibilityInformation.htm" />
</key>
<key name="Entity" >
  <topic name="Organization Search Criteria Page - Entity " url="pag_EntitySearchCriteriaOrganization.htm" />
  <topic name="Organization Search Results Page - Entity" url="pag_EntitySearchResultsOrganization.htm" />
  <topic name="Person Search Criteria Page - Entity" url="pag_EntitySearchCriteriaPerson.htm" />
  <topic name="Person Search Results Page - Entity" url="pag_EntitySearchResultsPerson.htm" />
</key>
<key name="Error" >
  <topic name="Submit Error Page" url="pag_DataConcurrenceError.htm" />
</key>
<key name="Export" >
  <topic name="Exporting Reports" url="prc_ExportingReports.htm" />
</key>
<key name="File" >
  <topic name="Demographics Tab" url="pag_ViewWorkupDemographics.htm" />
  <topic name="Investigations Tab" url="pag_ViewWorkupInvestigations.htm" />
  <topic name="Observations Tab" url="pag_ViewWorkupObservations.htm" />
  <topic name="Vaccinations Tab" url="pag_ViewWorkupVaccine.htm" />
  <topic name="View File Page" url="pag_ViewWorkupSummary.htm" />
  <topic name="Working with Person Files" url="ovr_WorkingWithInvestigationsNotifications.htm" />
</key>
<key name="Filter" >
  <topic name="Choosing Filter Selection Criteria" url="prc_ChoosingELRActivityReportCriteria.htm" />
  <topic name="Reports Page - Advanced Filter Selection Tab" url="pag_ReportsAdvancedFilterTab.htm" />
  <topic name="Reports Page - Basic Filter Selection Tab" url="pag_ReportsBasicFilterTab.htm" />
  <topic name="Selecting Advanced Filter Criteria" url="prc_ChoosingAdvancedFilterCriteria.htm" />
  <topic name="Selecting Basic Filter Criteria" url="prc_ChoosingBasicFilterCriteria.htm" />
</key>
<key name="Find" >
  <topic name="Find Organization Page" url="pag_FindOrganizationSearchCriteria.htm" />
  <topic name="Find Person" url="pag_PersonSearch.htm" />
  <topic name="Find Provider Page" url="pag_FindProvider.htm" />
  <topic name="Finding Users" url="prc_FindingUsers.htm" />
</key>

</indexdata>
