<?xml version='1.0' encoding='ISO-8859-1' ?>
<indexdata>
<key name="Vaccination" >
  <topic name="Add Vaccination Page" url="pag_AddVaccinationRecordd.htm" />
  <topic name="Adding Vaccination Records" url="prc_AddingVaccinationRecords.htm" />
  <topic name="Deleting Vaccination Records" url="prc_DeletingVaccinationRecords.htm" />
  <topic name="Edit Vaccination Page" url="pag_EditVaccinationRecord.htm" />
  <topic name="Editing Vaccination Records" url="prc_EditingVaccinationRecords.htm" />
  <topic name="Manage Vaccinations Page" url="pag_ManageVaccineRecords.htm" />
  <topic name="Managing Vaccination Records" url="prc_ManagingVaccinationRecords.htm" />
  <topic name="Vaccinations Tab" url="pag_ViewWorkupVaccine.htm" />
  <topic name="Vaccine Record Delete Denied Page" url="pag_VaccineRecordDeleteDenied.htm" />
  <topic name="View Vaccination Page" url="pag_ViewVaccineRecord.htm" />
  <topic name="Viewing Vaccination Records" url="prc_ViewingVaccinationRecords.htm" />
  <topic name="Working with Vaccination Records" url="ovr_WorkingWithVaccinationRecords.htm" />
</key>
<key name="Vaccine Preventable" >
  <topic name="Edit Investigation Page - Pertussis" url="pag_EditInvestigationPertussis.htm" />
  <topic name="View Investigation Page - Congenital Rubella Syndrome" url="pag_ViewCRSInvestigation.htm" />
  <topic name="View Investigation Page - Measles" url="pag_ViewInvestigationMeasles.htm" />
  <topic name="View Investigation Page - Mumps" url="pag_ViewInvestigationMumps.htm" />
  <topic name="View Investigation Page - Pertussis" url="pag_ViewInvestigationPertussis.htm" />
  <topic name="View Investigation Page - Rubella" url="pag_ViewInvestigationRubella.htm" />
  <topic name="View Investigation Page - Tetanus" url="pag_ViewInvestigationTetanus.htm" />
</key>
<key name="View" >
  <topic name="Finding Users" url="prc_FindingUsers.htm" />
  <topic name="View ELR Activity" url="pag_ELRActivityReportView.htm" />
  <topic name="View File Page" url="pag_ViewWorkupSummary.htm" />
  <topic name="View Investigation Page - BMIRD Generic" url="pag_ViewInvestigationBMIRDGeneric.htm" />
  <topic name="View Investigation Page - BMIRD Group A Streptococcus" url="pag_ViewInvestigationBMIRDGroupAStrep.htm" />
  <topic name="View Investigation Page - BMIRD Group B Streptococcus" url="pag_ViewInvestigationBMIRDGroupBStrep.htm" />
  <topic name="View Investigation Page - BMIRD Haemophilus Influenzae" url="pag_ViewInvestigationBMIRDHib.htm" />
  <topic name="View Investigation Page - BMIRD Neisseria Meningitidis" url="pag_ViewInvestigationBMIRDNeisseriaMeningitidis.htm" />
  <topic name="View Investigation Page - BMIRD Streptococcus pneumoniae" url="pag_ViewInvestigationBMIRDStreptococcusPneumoniae.htm" />
  <topic name="View Investigation Page - CRS" url="pag_ViewCRSInvestigation.htm" />
  <topic name="View Investigation Page - Generic" url="pag_ViewInvestigationGeneric.htm" />
  <topic name="View Investigation Page - Hepatitis Generic" url="pag_ViewInvestigationHepatitis.htm" />
  <topic name="View Investigation Page - Hepatitis, Acute Hepatitis A" url="pag_ViewInvestigationHepatitisA.htm" />
  <topic name="View Investigation Page - Hepatitis, Acute Hepatitis B" url="pag_ViewInvestigationHepatitisB.htm" />
  <topic name="View Investigation Page - Hepatitis, Acute Hepatitis C" url="pag_ViewInvestigationHepatitisC.htm" />
  <topic name="View Investigation Page - Hepatitis, HCV Infection" url="pag_ViewInvestigationHCVInfection.htm" />
  <topic name="View Investigation Page - Hepatitis, Perinatal HBV Infection" url="pag_ViewInvestigationHBVInfection.htm" />
  <topic name="View Investigation Page - Measles" url="pag_ViewInvestigationMeasles.htm" />
  <topic name="View Investigation Page - Pertussis" url="pag_ViewInvestigationPertussis.htm" />
  <topic name="View Investigation Page - Rubella" url="pag_ViewInvestigationRubella.htm" />
  <topic name="View Observation - Lab Results" url="pag_ViewObservationLabResults.htm" />
  <topic name="View Observation - Morbidity Report Page" url="pag_ViewObservationMorbidityCard.htm" />
  <topic name="View Organization Page" url="pag_ViewOrganization.htm" />
  <topic name="View Permission Set Page" url="pag_SecurityAdminViewPermissionSet.htm" />
  <topic name="View Person Page" url="pag_ViewPerson.htm" />
  <topic name="View Provider Page" url="pag_ViewProvider.htm" />
  <topic name="View Susceptibility Page" url="pag_ViewSusceptibility.htm" />
  <topic name="View User Page" url="pag_SecurityAdminViewUser.htm" />
  <topic name="View Vaccination Page" url="pag_ViewVaccineRecord.htm" />
  <topic name="Viewing and Selecting Reports" url="prc_ViewingReports.htm" />
  <topic name="Viewing Investigations" url="prc_ViewingInvestigations.htm" />
  <topic name="Viewing Observations - Lab Results" url="prc_ViewingObservationsLab_Results.htm" />
  <topic name="Viewing Organization Information" url="prc_ViewingOrganizationInformation.htm" />
  <topic name="Viewing Permission Sets" url="prc_ViewingPermissionSets.htm" />
  <topic name="Viewing Person Information" url="prc_ViewingPersonInformation.htm" />
  <topic name="Viewing Summary Data" url="prc_EnteringSummaryData.htm#Viewing Summary Data" />
  <topic name="Viewing Vaccination Records" url="prc_ViewingVaccinationRecords.htm" />
  <topic name="Viewing Workups" url="prc_ViewingWorkups.htm" />
</key>
<key name="Work" >
  <topic name="Working with ELR Activity Information" url="ovr_ELRActivityLog.htm" />
  <topic name="Working with Investigations" url="ovr_WorkingWithInvestigations.htm" />
  <topic name="Working with Merged Records" url="ovr_WorkingWithMergedRecords.htm" />
  <topic name="Working with Notifications" url="ovr_WorkingWithNotifications.htm" />
  <topic name="Working with Observations" url="ovr_WorkingWithObservations.htm" />
  <topic name="Working with Person Files" url="ovr_WorkingWithInvestigationsNotifications.htm" />
  <topic name="Working with Reports" url="ovr_WorkingWithReports.htm" />
  <topic name="Working with Summary Data" url="ovr_SummaryData.htm" />
  <topic name="Working with Vaccination Records" url="ovr_WorkingWithVaccinationRecords.htm" />
</key>

</indexdata>
