<?xml version='1.0' encoding='ISO-8859-1' ?>
<tocdata>
<item name="My Program Area's Investigations Page" url="pag_MyProgramAreasInvestigations.htm" />
<book name="View Investigation Page" url="ref_ViewInvestigation.htm" >
  <item name="Patient Tab - View Investigation Page" url="pag_ViewInvestigationPatient.htm#Patient" />
  <item name="Generic Investigation" url="pag_ViewInvestigationGeneric.htm#Condition" />
  <book name="Vaccine Preventable Investigation" >
    <item name="Measles Investigation" url="pag_ViewInvestigationMeasles.htm" />
    <item name="Congenital Rubella Syndrome Investigation" url="pag_ViewCRSInvestigation.htm" />
    <item name="Pertussis Investigation" url="pag_ViewInvestigationPertussis.htm" />
    <item name="Rubella Investigation" url="pag_ViewInvestigationRubella.htm" />
    <item name="Tetanus Investigation" url="pag_ViewInvestigationTetanus.htm" />
    <item name="Mumps Investigation" url="pag_ViewInvestigationMumps.htm" />
  </book>
  <book name="Bacterial Meningitis Investigation" url="pag_ViewInvestigationBMIRDGeneric.htm" >
    <item name="Generic Bacterial Meningitis Investigation" url="pag_ViewInvestigationBMIRDGeneric.htm" />
    <item name="Group A Streptococcus Investigation" url="pag_ViewInvestigationBMIRDGroupAStrep.htm" />
    <item name="Group B Streptococcus Investigation" url="pag_ViewInvestigationBMIRDGroupBStrep.htm" />
    <item name="Haemophilus Influenzae Investigation" url="pag_ViewInvestigationBMIRDHib.htm" />
    <item name="Neisseria Meningitidis Investigation" url="pag_ViewInvestigationBMIRDNeisseriaMeningitidis.htm" />
    <item name="Streptococcus Pneumoniae Investigation" url="pag_ViewInvestigationBMIRDStreptococcusPneumoniae.htm" />
  </book>
  <book name="Hepatitis Investigation" url="pag_ViewInvestigationHepatitis.htm" >
    <item name="Hepatitis Tab" url="pag_ViewInvestigationHepatitis.htm#Hepatitis" />
    <book name="Supplemental tabs" >
      <item name="Acute Hepatitis A Tab" url="pag_ViewInvestigationHepatitisA.htm#Acute Hepatitis A Tab" />
      <item name="Perinatal HBV Infection Tab" url="pag_ViewInvestigationHBVInfection.htm#Perinatal_HBV_Infection_Tab" />
      <item name="Acute Hepatitis B Tab" url="pag_ViewInvestigationHepatitisB.htm#Acute Hepatitis B Tab" />
      <item name="HVC Infection (chronic or resolved) Tab" url="pag_ViewInvestigationHCVInfection.htm#HCV Infection" />
      <item name="Acute Hepatitis C Tab" url="pag_ViewInvestigationHepatitisC.htm#Acute Hepatitis C Tab" />
    </book>
  </book>
  <book name="Foodborne Investigation" url="pag_FBViewInvestigationGeneric.htm" >
    <item name="General Foodborne Investigation" url="pag_FBViewInvestigationGeneric.htm" />
    <item name="Listeria Investigation" url="pag_FBViewInvestigationListeria.htm" />
    <item name="Botulism Investigation" url="pag_FBViewInvestigationBotulism.htm" />
    <item name="Cholera Investigation" url="pag_FBViewInvestigationCholera.htm" />
    <item name="Salmonella Investigation" url="pag_FBViewInvestigationSalmonella.htm" />
    <item name="Cryptosporidiosis Investigation" url="pag_FBViewInvestigationCryptosporidiosis.htm" />
    <item name="Cyclospora Investigation" url="pag_FBViewInvestigationCyclospora.htm" />
  </book>
</book>
<book name="Add Investigation Page" >
  <item name="Patient Tab - Add Investigation Page" url="pag_AddInvestigationPatient.htm#Patient" />
  <item name="Generic Investigation" url="pag_CreateInvestigationGeneric.htm#Condition" />
  <book name="Vaccine Preventable Investigation" >
    <item name="Measles Investigation" url="pag_CreateInvestigationMeasles.htm" />
    <item name="Congenital Rubella Syndrome Investigation" url="pag_CreateInvestigationCRS.htm" />
    <item name="Pertussis Investigation" url="pag_CreateInvestigationPertussis.htm" />
    <item name="Rubella Investigation" url="pag_CreateInvestigationRubella.htm" />
    <item name="Tetanus Investigation" url="pag_AddInvestigationTetanus.htm" />
    <item name="Mumps Investigation" url="pag_AddInvestigationMumps.htm" />
  </book>
  <book name="Bacterial Meningitis Investigation" url="pag_CreateInvestigationBMIRD.htm" >
    <item name="Generic Bacterial Meningitis Investigation" url="pag_CreateInvestigationBMIRD.htm" />
    <item name="Group A Streptococcus Investigation" url="pag_CreateInvestigationBMIRDGroupAStrep.htm" />
    <item name="Group B Streptococcus Investigation" url="pag_CreateInvestigationBMIRDGroupBStrep.htm" />
    <item name="Haemophilus Influenzae Investigation" url="pag_CreateInvestigationBMIRDHib.htm" />
    <item name="Neisseria Meningitidis Investigation" url="pag_CreateInvestigationNeisseriaMeningitidis.htm" />
    <item name="Streptococcus Pneumoniae Investigation" url="pag_CreateInvestigationBMIRDStreptococcusPneumoniae.htm" />
  </book>
  <book name="Hepatitis Investigation" url="pag_CreateInvestigationHepatitis.htm" >
    <item name="Hepatitis Tab" url="pag_CreateInvestigationHepatitis.htm#Hepatitis" />
    <book name="Supplemental tabs" >
      <item name="Acute Hepatitis A Tab" url="pag_CreateInvestigationHepatitisA.htm#Acute Hepatitis A Tab" />
      <item name="Perinatal HBV Infection Tab" url="pag_CreateInvestigationHBVInfection.htm" />
      <item name="Acute Hepatitis B Tab" url="pag_CreateInvestigationHepatitisB.htm#Acute Hepatitis B Tab" />
      <item name="HCV Infection (chronic or resolved) Tab" url="pag_CreateInvestigationHCVInfection.htm#HCV Infection" />
      <item name="Acute Hepatitis C Tab" url="pag_CreateInvestigationHepatitisC.htm#Acute Hepatitis C Tab" />
    </book>
  </book>
  <book name="Foodborne Investigation" url="pag_FBAddInvestigationGeneric.htm" >
    <item name="General Foodborne Investigation" url="pag_FBAddInvestigationGeneric.htm" />
    <item name="Listeria Investigation" url="pag_FBAddInvestigationListeria.htm" />
    <item name="Botulism Investigation" url="pag_FBAddInvestigationBotulism.htm" />
    <item name="Cholera Investigation" url="pag_FBAddInvestigationCholera.htm" />
    <item name="Salmonella Investigation" url="pag_FBAddInvestigationSalmonella.htm" />
    <item name="Cryptosporidiosis Investigation" url="pag_FBAddInvestigationCryptosporidiosis.htm" />
    <item name="Cyclospora Investigation" url="pag_FBAddInvestigationCyclospora.htm" />
  </book>
</book>
<book name="Edit Investigation Page" >
  <item name="Patient Tab - Edit Investigation Page" url="pag_EditInvestigationPatient.htm#Patient" />
  <item name="Generic Investigation" url="pag_EditInvestigationGeneric.htm#Condition" />
  <book name="Vaccine Preventable Investigation" >
    <item name="Measles Investigation" url="pag_EditInvestigationMeasles.htm" />
    <item name="Congenital Rubella Syndrome Investigation" url="pag_EditInvestigationCRS.htm" />
    <item name="Pertussis Investigation" url="pag_EditInvestigationPertussis.htm" />
    <item name="Rubella Investigation" url="pag_EditInvestigationRubella.htm" />
    <item name="Tetanus Investigation" url="pag_EditInvestigationTetanus.htm" />
    <item name="Mumps Investigation" url="pag_EditInvestigationMumps.htm" />
  </book>
  <book name="Bacterial Meningitis Investigation" url="pag_EditInvestigationBMIRD.htm" >
    <item name="Generic Bacterial Meningitis Investigation" url="pag_EditInvestigationBMIRD.htm" />
    <item name="Group A Streptococcus Investigation" url="pag_EditInvestigationBMIRDGroupAStrep.htm" />
    <item name="Group B Streptococcus Investigation" url="pag_EditInvestigationBMIRDGroupBStrep.htm" />
    <item name="Haemophilus Influenzae Investigation" url="pag_EditInvestigationBMIRDHib.htm" />
    <item name="Neisseria Meningitidis Investigation" url="pag_EditInvestigationBMIRDNeisseriaMeningitidis.htm" />
    <item name="Streptococcus Pneumoniae Investigation" url="pag_EditInvestigationPageBMIRDStreptococcusPneumoniae.htm" />
  </book>
  <book name="Hepatitis Investigation" url="pag_EditInvestigationHepatitis.htm" >
    <item name="Hepatitis Tab" url="pag_EditInvestigationHepatitis.htm#Hepatitis" />
    <book name="Supplemental tabs" >
      <item name="Acute Hepatitis A Tab" url="pag_EditInvestigationHepatitisA.htm#Acute Hepatitis A Tab" />
      <item name="Perinatal HBV Infection Tab" url="pag_EditInvestigationHBVInfection.htm#HBV" />
      <item name="Acute Hepatitis B Tab" url="pag_EditInvestigationHepatitisB.htm#Acute Hepatitis B Tab" />
      <item name="HCV Infection (chronic or resolved) Tab" url="pag_EditInvestigationHCVInfection.htm#HCV Infection" />
      <item name="Acute Hepatitis C Tab" url="pag_EditInvestigationHepatitisC.htm#Acute Hepatitis C Tab" />
    </book>
  </book>
  <book name="Foodborne Investigation" url="pag_FBEditInvestigationGeneric.htm" >
    <item name="General Foodborne Investigation" url="pag_FBEditInvestigationGeneric.htm" />
    <item name="Listeria Investigation" url="pag_FBEditInvestigationListeria.htm" />
    <item name="Botulism Investigation" url="pag_FBEditInvestigationBotulism.htm" />
    <item name="Cholera Investigation" url="pag_FBEditInvestigationCholera.htm" />
    <item name="Salmonella Investigation" url="pag_FBEditInvestigationSalmonella.htm" />
    <item name="Cryptosporidiosis Investigation" url="pag_FBEditInvestigationCryptosporidiosis.htm" />
    <item name="Cyclospora Investigation" url="pag_FBEditInvestigationCyclospora.htm" />
  </book>
</book>
<item name="Transfer Ownership Page" url="pag_TransferOwnership.htm" />
<item name="Transfer Confirmation Page" url="pag_TransferConfirmation.htm" />
<item name="Select Condition Page" url="pag_CreateInvestigationSelectCondition.htm" />

</tocdata>
