<?xml version='1.0' encoding='ISO-8859-1' ?>
<tocdata>
<item name="Understanding NBS Security" url="ovr_UnderstandingNBSSecurity.htm" />
<book name="Users" url="ovr_AdministeringUsers.htm" >
  <item name="Finding and Viewing Users" url="prc_FindingUsers.htm" />
  <item name="Adding Users" url="prc_AddingUsers.htm" />
  <item name="Editing Users" url="prc_EditingUsers.htm" />
  <book name="Pages" >
    <item name="Users Page" url="pag_SecurityAdminUsers.htm" />
    <item name="View User Page" url="pag_SecurityAdminViewUser.htm" />
    <item name="Add User Page" url="pag_SecurityAdminAddUser.htm" />
    <item name="Edit User Page" url="pag_SecurityAdminEditUser.htm" />
  </book>
</book>
<book name="Security (Permission Sets)" url="ovr_AdministeringPermissionSets.htm" >
  <item name="Viewing Permission Sets" url="prc_ViewingPermissionSets.htm" />
  <item name="Adding Permission Sets" url="prc_AddingPermissionSets.htm" />
  <item name="Editing Permission Sets" url="prc_EditingPermissionSets.htm" />
  <book name="Pages" >
    <item name="Permission Sets Page" url="pag_SecurityAdminPermissionSet.htm" />
    <item name="View Permission Set Page" url="pag_SecurityAdminViewPermissionSet.htm" />
    <item name="Select Permission Set Page" url="pag_SecurityAdminSelectPermissionSet.htm" />
    <item name="Add Permission Set Page" url="pag_SecurityAdminAddPermissionSet.htm" />
    <item name="Edit Permission Set Page" url="pag_SecurityAdminEditPermissionSet.htm" />
  </book>
</book>
<book name="Locally Defined Fields" url="ref_LDFs.htm" >
  <item name="Locally Defined Fields" url="ref_LDFs.htm" />
  <item name="Viewing Locally Defined Fields" url="prc_ViewingLDFs.htm" />
  <item name="Adding Locally Defined Fields" url="prc_AddingLDFs.htm" />
  <item name="Editing Locally Defined Fields" url="prc_EditingLDFs.htm" />
  <book name="Pages" >
    <item name="Local Field Page Selection Page" url="pag_LocalFieldPageSelection.htm" />
    <item name="Locally Defined Field Administrator Page" url="pag_LDFAdmin.htm" />
    <item name="Preview Page" url="pag_LDFPreview.htm" />
  </book>
</book>
<book name="ELR Activity Log" url="ovr_ELRActivityLog.htm" >
  <item name="Choosing Filter Selection Criteria" url="prc_ChoosingELRActivityReportCriteria.htm" />
  <book name="Pages" >
    <item name="ELR Activity Report Page - Filter Selection" url="pag_ELRActivityReportCriteria.htm" />
    <item name="ELR Activity Report Page - View ELR Activity" url="pag_ELRActivityReportView.htm" />
  </book>
</book>

</tocdata>
