<?xml version='1.0' encoding='ISO-8859-1' ?>
<tocdata>
<item name="Reviewing Observations" url="prc_ReviewNewLabReports.htm" />
<item name="Transferring Ownership" url="prc_TransferringOwnership.htm" />
<item name="Assigning a Program Area/Jurisdiction to an Observation" url="prc_ELRProgramJurisdictionAssignment.htm" />
<book name="Pages" >
  <item name="Observations Needing Review" url="pag_NewLabReportsReview.htm" />
  <item name="Observations Needing Program or Jurisdiction Assignment Page" url="pag_ELRsNeedingProgramJurisdictionAssignment.htm" />
  <item name="Transfer Ownership Page" url="pag_TransferOwnership.htm" />
  <item name="Transfer Confirmation Page" url="pag_TransferConfirmation.htm" />
</book>

</tocdata>
