<?xml version='1.0' encoding='ISO-8859-1' ?>
<tocdata>
<item name="Editing Vaccination Records" url="prc_EditingVaccinationRecords.htm" />
<item name="Managing Vaccination Records" url="prc_ManagingVaccinationRecords.htm" />
<book name="Pages" >
  <book name="Edit Vaccination Page" url="ref_EditVaccination.htm" >
    <item name="Patient Tab - Edit Vaccination Page" url="pag_EditVaccinationRecordPatientTab.htm" />
    <item name="Vaccination Tab - Edit Vaccination Tab" url="pag_EditVaccinationTab.htm" />
  </book>
  <item name="Manage Vaccination Page" url="pag_ManageVaccineRecords.htm" />
  <item name="Vaccine Record Delete Denied Page" url="pag_VaccineRecordDeleteDenied.htm" />
</book>

</tocdata>
