<?xml version='1.0' encoding='ISO-8859-1' ?>
<tocdata>
<item name="Quick Links" url="ovr_helphome.htm" />
<book name="Understanding NEDSS" >
  <item name="What is NEDSS?" url="ovr_WhatisNEDSS.htm" />
  <item name="What is the NEDSS Base System?" url="ovr_WhatistheBaseSystem.htm" />
  <item name="Which Conditions Does the NBS Support?" url="ovr_SupportedConditions.htm" />
</book>
<chunk name="Pages" ref="whtdata1.xml" />
<chunk name="How Do I..." url="ovr_helphome.htm" ref="whtdata2.xml" />

</tocdata>
