<?xml version='1.0' encoding='ISO-8859-1' ?>
<tocdata>
<item name="Home Page" url="pag_Menu.htm" />
<book name="Patient Pages" >
  <item name="Find Patient Page" url="pag_PersonSearch.htm" />
  <item name="Search Results Page" url="pag_SearchResults.htm" />
  <item name="View Patient Page" url="pag_ViewPerson.htm" />
  <item name="Patient Search Criteria Page" url="pag_PatientSearchCriteria.htm" />
  <item name="Patient Search Criteria Results Page" url="pag_PatientSearchCriteriaResults.htm" />
  <book name="Add Lab Report Page" url="pag_AddLabReport.htm" >
    <item name="Patient Tab - Add Lab Report Page" url="pag_PatientTabLabEvt.htm" />
    <item name="Report Information Tab - Add Lab Report Page" url="pag_AddLabReportReportInfoTab.htm" />
  </book>
  <book name="Add Morbidity Report Page" url="pag_AddMorbReport.htm" >
    <item name="Patient Tab - Add Morbidity Report Page" url="pag_PatientTabMorbEvt.htm" />
    <item name="Report Information Tab - Add Morbidity Report Page" url="pag_AddObservationMorbidityReport.htm" />
  </book>
  <item name="Add Patient - Basic Page" url="pag_AddPerson.htm" />
  <item name="Add Patient - Extended Page" url="pag_AddPersonExtended.htm" />
  <item name="Edit Patient Page" url="pag_EditPerson.htm" />
  <item name="Patient Delete Denied Page" url="pag_PersonDeleteDenied.htm" />
  <book name="View File Page" url="pag_ViewWorkupSummary.htm" >
    <item name="Summary Tab" url="pag_ViewWorkupSummary.htm#Summary tab" />
    <item name="Demographics Tab" url="pag_ViewWorkupDemographics.htm" />
    <item name="Events Tab" url="pag_EventsTab.htm" />
  </book>
</book>
<book name="Provider Pages" >
  <item name="Find Provider" url="pag_FindProvider.htm" />
  <item name="View Provider Page" url="pag_ViewProvider.htm" />
  <item name="Add Provider Page" url="pag_AddProvider.htm" />
</book>
<book name="Organization Pages" >
  <item name="Find Organization Page" url="pag_FindOrganizationSearchCriteria.htm" />
  <item name="Organization Search Results Page" url="pag_FindOrganizationSearchResults.htm" />
  <item name="View Organization Page" url="pag_ViewOrganization.htm" />
  <item name="Add Organization Page" url="pag_AddOrganization.htm" />
  <item name="Edit Organization Page" url="pag_EditOrganization.htm" />
  <item name="Organization Delete Denied Page" url="pag_OrganizationDeleteDenied.htm" />
</book>
<book name="Merge Patient Pages" >
  <item name="Find Patient Page" url="pag_FindPatientMerge.htm" />
  <item name="Merge Candidate List Page - Manual Merge" url="pag_MergeCandidateListManual.htm" />
  <item name="Merge Candidate List Page - System Identified" url="pag_MergeCandidateListSystem.htm" />
  <item name="Compare for Merge Page" url="pag_CompareMerge.htm" />
  <item name="Merge Confirmation Page" url="pag_MergeConfirmation.htm" />
</book>
<book name="Observation Pages" >
  <item name="Observations Needing Review" url="pag_NewLabReportsReview.htm" />
  <item name="Observations Needing Program or Jurisdiction Assignment Page" url="pag_ELRsNeedingProgramJurisdictionAssignment.htm" />
  <item name="Transfer Ownership Page" url="pag_TransferOwnership.htm" />
  <item name="Transfer Confirmation Page" url="pag_TransferConfirmation.htm" />
  <item name="Manage Observations Page" url="pag_ManageObservations.htm" />
</book>
<book name="Lab Report Pages" >
  <book name="View Lab Report Page" url="pag_ViewLabReport.htm" >
    <item name="View Lab Report Page" url="pag_ViewLabReport.htm" />
  </book>
  <book name="Add Lab Report Page" url="pag_AddLabReport.htm" >
    <item name="Patient Tab - Add Lab Report Page" url="pag_PatientTabLabEvt.htm" />
    <item name="Report Information Tab - Add Lab Report Page" url="pag_AddLabReportReportInfoTab.htm" />
  </book>
  <book name="Edit Lab Report Page" url="pag_EditObservationLabResults.htm" >
    <item name="Patient Tab - Edit Lab Report Page" url="pag_EditObservationLabResultsLabOrderInfoTab.htm" />
    <item name="Report Information Tab - Edit Lab Report Page" url="pag_EditObservationLabResultsResultsTab.htm" />
  </book>
</book>
<book name="Morbidity Report Pages" >
  <book name="View Morbidity Report Page" url="pag_ViewObservationMorbidityCard.htm" >
    <item name="Patient Tab - View Morbidity Report Page" url="pag_ViewMorbReportPatientTab.htm" />
    <item name="Report Information Tab - View Morbidity Report Page" url="pag_ViewMorbReportReportInfo.htm" />
  </book>
  <book name="Add Morbidity Report Page" url="pag_AddMorbReport.htm" >
    <item name="Patient Tab - Add Morbidity Report Page" url="pag_PatientTabMorbEvt.htm" />
    <item name="Report Information Tab - Add Morbidity Report Page" url="pag_AddObservationMorbidityReport.htm" />
  </book>
  <book name="Edit Morbidity Report Page" url="pag_EditMorbidityReport.htm" >
    <item name="Patient Tab - Edit Morbidity Report Page" url="pag_EditObservationMorbidityCardPatientTab.htm" />
    <item name="Report Information Tab - Edit Morbidity Report Page" url="pag_EditObservationMorbidityCard.htm" />
  </book>
</book>
<book name="Treatment Pages" >
  <item name="View Treatment Page" url="pag_ViewTreatment.htm" />
  <item name="Add Treatment Page" url="pag_AddTreatment.htm" />
  <item name="Edit Treatment Page" url="pag_EditTreatment.htm" />
  <item name="Manage Treatments Page" url="pag_ManageTreatmen.htm" />
</book>
<book name="Vaccination Pages" >
  <book name="View Vaccination Page" url="ref_ViewVacciPage.htm" >
    <item name="Patient Tab - View Vaccination Page" url="pag_PatientTabVacci.htm" />
    <item name="Vaccination Tab - View Vaccination Page" url="pag_ViewVaccineRecord.htm" />
  </book>
  <book name="Add Vaccination Page" url="ref_AddVaccination.htm" >
    <item name="Patient Tab - Add Vaccination Page" url="pag_PatientTabAddVacci.htm" />
    <item name="Vaccination Tab - Add Vaccination Page" url="pag_AddVaccinationRecordd.htm" />
    <item name="Manage Vaccination Page" url="pag_ManageVaccineRecords.htm" />
    <item name="Vaccine Record Delete Denied Page" url="pag_VaccineRecordDeleteDenied.htm" />
  </book>
  <book name="Edit Vaccination Page" url="ref_EditVaccination.htm" >
    <item name="Patient Tab - Edit Vaccination Page" url="pag_EditVaccinationRecordPatientTab.htm" />
    <item name="Vaccination Tab - Edit Vaccination Tab" url="pag_EditVaccinationTab.htm" />
  </book>
  <item name="Manage Vaccination Page" url="pag_ManageVaccineRecords.htm" />
  <item name="Vaccine Record Delete Denied Page" url="pag_VaccineRecordDeleteDenied.htm" />
</book>
<chunk name="Investigation Pages" ref="whtdata3.xml" />
<book name="Notification Pages" >
  <item name="Create Notification Page" url="pag_CreateNotification.htm" />
  <item name="Review Notifications Page" url="pag_ReviewNotifications.htm" />
  <item name="Summary Reports Page" url="pag_SummaryReports.htm" />
</book>
<book name="Summary Data Pages" >
  <item name="Manage Summary Notifications" url="pag_ManageSummaryNotifications.htm" />
  <item name="Summary Reports Page" url="pag_SummaryReports.htm" />
</book>
<book name="Reports Pages" >
  <book name="Reports Page" >
    <item name="Report List" url="pag_ReportList.htm" />
    <item name="Basic Filter Tab" url="pag_ReportsBasicFilterTab.htm" />
    <item name="Advanced Filter Tab" url="pag_ReportsAdvancedFilterTab.htm" />
    <item name="Column Selection Tab" url="pag_ReportsColumnSelectionTab.htm" />
    <item name="Run Report" url="pag_RunReport.htm" />
    <item name="Save Report" url="pag_SaveReport.htm" />
  </book>
</book>
<book name="System Admin Pages" >
  <book name="Users" >
    <item name="Users Page" url="pag_SecurityAdminUsers.htm" />
    <item name="View User Page" url="pag_SecurityAdminViewUser.htm" />
    <item name="Add User Page" url="pag_SecurityAdminAddUser.htm" />
    <item name="Edit User Page" url="pag_SecurityAdminEditUser.htm" />
  </book>
  <book name="Permission Sets" >
    <item name="Permission Sets Page" url="pag_SecurityAdminPermissionSet.htm" />
    <item name="View Permission Set Page" url="pag_SecurityAdminViewPermissionSet.htm" />
    <item name="Select Permission Set Page" url="pag_SecurityAdminSelectPermissionSet.htm" />
    <item name="Add Permission Set Page" url="pag_SecurityAdminAddPermissionSet.htm" />
    <item name="Edit Permission Set Page" url="pag_SecurityAdminEditPermissionSet.htm" />
  </book>
  <book name="Custom Fields" >
    <item name="Local Field Page Selection Page" url="pag_LocalFieldPageSelection.htm" />
    <item name="Locally Defined Field Administrator Page" url="pag_LDFAdmin.htm" />
    <item name="Preview Page" url="pag_LDFPreview.htm" />
  </book>
  <book name="ELR Activity Report" >
    <item name="ELR Activity Report Page - Filter Selection" url="pag_ELRActivityReportCriteria.htm" />
    <item name="ELR Activity Report Page - View ELR Activity" url="pag_ELRActivityReportView.htm" />
  </book>
</book>

</tocdata>
