<?xml version='1.0' encoding='ISO-8859-1' ?>
<tocdata>
<item name="Viewing Investigations" url="prc_ViewingInvestigations.htm" />
<item name="Printing Investigations" url="prc_PrintingInvestigations.htm" />
<book name="Pages" >
  <book name="View Investigation Page" url="ref_ViewInvestigation.htm" >
    <item name="Patient Tab - View Investigation Page" url="pag_ViewInvestigationPatient.htm#Patient" />
    <item name="Generic Investigation" url="pag_ViewInvestigationGeneric.htm" />
    <book name="Vaccine Preventable Investigation" >
      <item name="Measles Investigation" url="pag_ViewInvestigationMeasles.htm" />
      <item name="Congenital Rubella Syndrome Investigation" url="pag_ViewCRSInvestigation.htm" />
      <item name="Pertussis Investigation" url="pag_ViewInvestigationPertussis.htm" />
      <item name="Rubella Investigation" url="pag_ViewInvestigationRubella.htm" />
      <item name="Tetanus Investigation" url="pag_ViewInvestigationTetanus.htm" />
      <item name="Mumps Investigation" url="pag_ViewInvestigationMumps.htm" />
    </book>
    <book name="Bacterial Meningitis Investigation" url="pag_ViewInvestigationBMIRDGeneric.htm" >
      <item name="Generic Bacterial Meningitis Investigation" url="pag_ViewInvestigationBMIRDGeneric.htm" />
      <item name="Group A Streptococcus Investigation" url="pag_ViewInvestigationBMIRDGroupAStrep.htm" />
      <item name="Group B Streptococcus Investigation" url="pag_ViewInvestigationBMIRDGroupBStrep.htm" />
      <item name="Haemophilus Influenzae Investigation" url="pag_ViewInvestigationBMIRDHib.htm" />
      <item name="Neisseria Meningitidis Investigation" url="pag_ViewInvestigationBMIRDNeisseriaMeningitidis.htm" />
      <item name="Streptococcus Pneumoniae Investigation" url="pag_ViewInvestigationBMIRDStreptococcusPneumoniae.htm" />
    </book>
    <book name="Hepatitis Investigation" url="pag_ViewInvestigationHepatitis.htm" >
      <item name="Hepatitis Tab" url="pag_ViewInvestigationHepatitis.htm#Hepatitis" />
      <book name="Supplemental tabs" >
        <item name="Acute Hepatitis A Tab" url="pag_ViewInvestigationHepatitisA.htm#Acute Hepatitis A Tab" />
        <item name="Perinatal HBV Infection Tab" url="pag_ViewInvestigationHBVInfection.htm#Perinatal_HBV_Infection_Tab" />
        <item name="Acute Hepatitis B Tab" url="pag_ViewInvestigationHepatitisB.htm#Acute Hepatitis B Tab" />
        <item name="HVC Infection (chronic or resolved) Tab" url="pag_ViewInvestigationHCVInfection.htm#HCV Infection" />
        <item name="Acute Hepatitis C Tab" url="pag_ViewInvestigationHepatitisC.htm#Acute Hepatitis C Tab" />
      </book>
    </book>
    <book name="Foodborne Investigation" url="pag_FBViewInvestigationGeneric.htm" >
      <item name="General Foodborne Investigation" url="pag_FBViewInvestigationGeneric.htm" />
      <item name="Listeria Investigation" url="pag_FBViewInvestigationListeria.htm" />
      <item name="Botulism Investigation" url="pag_FBViewInvestigationBotulism.htm" />
      <item name="Cholera Investigation" url="pag_FBViewInvestigationCholera.htm" />
      <item name="Cryptosporidiosis Investigation" url="pag_FBViewInvestigationCryptosporidiosis.htm" />
      <item name="Cyclospora Investigation" url="pag_FBViewInvestigationCyclospora.htm" />
    </book>
  </book>
  <item name="My Program Area's Investigations Page" url="pag_MyProgramAreasInvestigations.htm" />
</book>

</tocdata>
