<?xml version='1.0' encoding='ISO-8859-1' ?>
<tocdata>
<item name="Adding Investigations" url="prc_CreatingInvestigations.htm" />
<item name="Transferring Ownership" url="prc_TransferringOwnership.htm" />
<book name="Pages" >
  <item name="Select Condition Page" url="pag_CreateInvestigationSelectCondition.htm" />
  <book name="Add Investigation Page" >
    <item name="Patient Tab - Add Investigation Page" url="pag_AddInvestigationPatient.htm#Patient" />
    <item name="Generic Investigation" url="pag_CreateInvestigationGeneric.htm#Condition" />
    <book name="Vaccine Preventable Investigation" >
      <item name="Measles Investigation" url="pag_CreateInvestigationMeasles.htm" />
      <item name="Congenital Rubella Syndrome Investigation" url="pag_CreateInvestigationCRS.htm" />
      <item name="Pertussis Investigation" url="pag_CreateInvestigationPertussis.htm" />
      <item name="Rubella Investigation" url="pag_CreateInvestigationRubella.htm" />
      <item name="Tetanus Investigation" url="pag_AddInvestigationTetanus.htm" />
      <item name="Mumps Investigation" url="pag_AddInvestigationMumps.htm" />
    </book>
    <book name="Bacterial Meningitis Investigation" url="pag_CreateInvestigationBMIRD.htm" >
      <item name="Generic Bacterial Meningitis Investigation" url="pag_CreateInvestigationBMIRD.htm" />
      <item name="Group A Streptococcus Investigation" url="pag_CreateInvestigationBMIRDGroupAStrep.htm" />
      <item name="Group B Streptococcus Investigation" url="pag_CreateInvestigationBMIRDGroupBStrep.htm" />
      <item name="Haemophilus Influenzae Investigation" url="pag_CreateInvestigationBMIRDHib.htm" />
      <item name="Neisseria Meningitidis Investigation" url="pag_CreateInvestigationNeisseriaMeningitidis.htm" />
      <item name="Streptococcus Pneumoniae Investigation" url="pag_CreateInvestigationBMIRDStreptococcusPneumoniae.htm" />
    </book>
    <book name="Hepatitis Investigation" url="pag_CreateInvestigationHepatitis.htm" >
      <item name="Hepatitis Tab" url="pag_CreateInvestigationHepatitis.htm#Hepatitis" />
      <book name="Supplemental tabs" >
        <item name="Acute Hepatitis A Tab" url="pag_CreateInvestigationHepatitisA.htm#Acute Hepatitis A Tab" />
        <item name="Perinatal HBV Infection Tab" url="pag_CreateInvestigationHBVInfection.htm" />
        <item name="Acute Hepatitis B Tab" url="pag_CreateInvestigationHepatitisB.htm#Acute Hepatitis B Tab" />
        <item name="HCV Infection (chronic or resolved) Tab" url="pag_CreateInvestigationHCVInfection.htm#HCV Infection" />
        <item name="Acute Hepatitis C Tab" url="pag_CreateInvestigationHepatitisC.htm#Acute Hepatitis C Tab" />
      </book>
    </book>
    <book name="Foodborne Investigation" url="pag_FBAddInvestigationGeneric.htm" >
      <item name="General Foodborne Investigation" url="pag_FBAddInvestigationGeneric.htm" />
      <item name="Listeria Investigation" url="pag_FBAddInvestigationListeria.htm" />
      <item name="Botulism Investigation" url="pag_FBAddInvestigationBotulism.htm" />
      <item name="Cholera Investigation" url="pag_FBAddInvestigationCholera.htm" />
      <item name="Salmonella Investigation" url="pag_FBAddInvestigationSalmonella.htm" />
      <item name="Cryptosporidiosis Investigation" url="pag_FBAddInvestigationCryptosporidiosis.htm" />
      <item name="Cyclospora Investigation" url="pag_FBAddInvestigationCyclospora.htm" />
    </book>
  </book>
  <item name="Transfer Ownership Page" url="pag_TransferOwnership.htm" />
  <item name="Transfer Confirmation Page" url="pag_TransferConfirmation.htm" />
</book>

</tocdata>
