<?xml version='1.0' encoding='ISO-8859-1' ?>
<tocdata>
<item name="Editing Investigations" url="prc_EditingInvestigations.htm" />
<book name="Pages" >
  <book name="Edit Investigation Page" >
    <item name="Patient Tab - Edit Investigation Page" url="pag_EditInvestigationPatient.htm#Patient" />
    <item name="Generic Investigation" url="pag_EditInvestigationGeneric.htm#Condition" />
    <book name="Vaccine Preventable Investigation" >
      <item name="Measles Investigation" url="pag_EditInvestigationMeasles.htm" />
      <item name="Congenital Rubella Syndrome Investigation" url="pag_EditInvestigationCRS.htm" />
      <item name="Pertussis Investigation" url="pag_EditInvestigationPertussis.htm" />
      <item name="Rubella Investigation" url="pag_EditInvestigationRubella.htm" />
      <item name="Tetanus Investigation" url="pag_EditInvestigationTetanus.htm" />
      <item name="Mumps Investigation" url="pag_EditInvestigationMumps.htm" />
    </book>
    <book name="Bacterial Meningitis Investigation" url="pag_EditInvestigationBMIRD.htm" >
      <item name="Generic Bacterial Meningitis Investigation" url="pag_EditInvestigationBMIRD.htm" />
      <item name="Group A Streptococcus Investigation" url="pag_EditInvestigationBMIRDGroupAStrep.htm" />
      <item name="Group B Streptococcus Investigation" url="pag_EditInvestigationBMIRDGroupBStrep.htm" />
      <item name="Haemophilus Influenzae Investigation" url="pag_EditInvestigationBMIRDHib.htm" />
      <item name="Neisseria Meningitidis Investigation" url="pag_EditInvestigationBMIRDNeisseriaMeningitidis.htm" />
      <item name="Streptococcus Pneumoniae Investigation" url="pag_EditInvestigationPageBMIRDStreptococcusPneumoniae.htm" />
    </book>
    <book name="Hepatitis Investigation" url="pag_EditInvestigationHepatitis.htm" >
      <item name="Hepatitis Tab" url="pag_EditInvestigationHepatitis.htm#Hepatitis" />
      <book name="Supplemental tabs" >
        <item name="Acute Hepatitis A Tab" url="pag_EditInvestigationHepatitisA.htm#Acute Hepatitis A Tab" />
        <item name="Perinatal HBV Infection Tab" url="pag_EditInvestigationHBVInfection.htm#HBV" />
        <item name="Acute Hepatitis B Tab" url="pag_EditInvestigationHepatitisB.htm#Acute Hepatitis B Tab" />
        <item name="HCV Infection (chronic or resolved) Tab" url="pag_EditInvestigationHCVInfection.htm#HCV Infection" />
        <item name="Acute Hepatitis C Tab" url="pag_EditInvestigationHepatitisC.htm#Acute Hepatitis C Tab" />
      </book>
    </book>
    <book name="Foodborne Investigation" url="pag_FBEditInvestigationGeneric.htm" >
      <item name="General Foodborne Investigation" url="pag_FBEditInvestigationGeneric.htm" />
      <item name="Listeria Investigation" url="pag_FBEditInvestigationListeria.htm" />
      <item name="Botulism Investigation" url="pag_FBEditInvestigationBotulism.htm" />
      <item name="Cholera Investigation" url="pag_FBEditInvestigationCholera.htm" />
      <item name="Salmonella Investigation" url="pag_FBEditInvestigationSalmonella.htm" />
      <item name="Cryptosporidiosis Investigation" url="pag_FBEditInvestigationCryptosporidiosis.htm" />
      <item name="Cyclospora Investigation" url="pag_FBEditInvestigationCyclospora.htm" />
    </book>
  </book>
</book>

</tocdata>
