<?xml version='1.0' encoding='ISO-8859-1' ?>
<tocdata>
<book name="Enter Case Reports" url="ovr_EnteringCaseReports.htm" >
  <item name="Entering a Case from Paper-Based Observations" url="ref_EnteringCasefromPapeObservations.htm" />
  <item name="Entering a Case from Electronic Lab Reports" url="ref_EnteringCasefromELR.htm" />
</book>
<book name="Search and View Patient Information" url="ovr_SearchingandViewingPersons.htm" >
  <item name="Searching Patients" url="prc_SearchingPersons.htm" />
  <item name="Searching Patients Using the Patient Tab" url="prc_SearchingPatientTab.htm" />
  <item name="Viewing Patient Information" url="prc_ViewingPersonInformation.htm" />
  <book name="Pages" >
    <item name="Find Patient Page" url="pag_PersonSearch.htm" />
    <item name="Search Results Page" url="pag_SearchResults.htm" />
    <item name="View Patient Page" url="pag_ViewPerson.htm" />
    <item name="Patient Search Criteria Page" url="pag_PatientSearchCriteria.htm" />
    <item name="Patient Search Criteria Results Page" url="pag_PatientSearchCriteriaResults.htm" />
    <item name="Patient Tab - Add Lab Report Page" url="pag_PatientTabLabNav.htm" />
    <item name="Patient Tab - Add Morbidity Report Page" url="pag_PatientTabMorbNav.htm" />
    <item name="View File Page" url="pag_ViewWorkupDemographics.htm" />
  </book>
</book>
<book name="Search and View Provider Information" url="ovr_SearchViewProviders.htm" >
  <item name="Searching Providers" url="prc_SearchingProviders.htm" />
  <item name="Viewing Provider Information" url="prc_ViewingProviderInformation.htm" />
  <book name="Pages" >
    <item name="Find Provider" url="pag_FindProvider.htm" />
    <item name="View Provider Page" url="pag_ViewProvider.htm" />
  </book>
</book>
<book name="Search and View Organization Information" url="ovr_FindingViewingOrganizations.htm" >
  <item name="Searching Organizations" url="prc_FindingOrganizations.htm" />
  <item name="Refining the Results of Your Search" url="prc_RefiningSearchOrganization.htm" />
  <item name="Performing a New Search" url="prc_NewSearchOrganization.htm" />
  <item name="Viewing Organization Information" url="prc_ViewingOrganizationInformation.htm" />
  <book name="Pages" >
    <item name="Find Organization Page" url="pag_FindOrganizationSearchCriteria.htm" />
    <item name="Organization Search Results Page" url="pag_FindOrganizationSearchResults.htm" />
    <item name="View Organization Page" url="pag_ViewOrganization.htm" />
  </book>
</book>
<book name="View a Patient's File" url="prc_ViewingWorkups.htm" >
  <item name="Viewing a Patient's File" url="prc_ViewingWorkups.htm" />
  <book name="Pages" >
    <book name="View File Page" url="pag_ViewWorkupSummary.htm" >
      <item name="Summary Tab" url="pag_ViewWorkupSummary.htm#Summary tab" />
      <item name="Demographics Tab" url="pag_ViewWorkupDemographics.htm" />
      <item name="Events Tab" url="pag_EventsTab.htm" />
    </book>
  </book>
</book>
<book name="Merge Patient Records" url="ovr_WorkingWithMergedRecords.htm" >
  <item name="Merging Records Manually" url="prc_ManualMerge.htm" />
  <item name="Merging System Identified Candidates" url="prc_SystemIdentified.htm" />
  <item name="Batch De-duplication" url="ref_BatchDeduplication.htm" />
  <book name="Pages" >
    <item name="Find Patient Page" url="pag_FindPatientMerge.htm" />
    <item name="Merge Candidate List Page - Manual Merge" url="pag_MergeCandidateListManual.htm" />
    <item name="Merge Candidate List Page - System Identified" url="pag_MergeCandidateListSystem.htm" />
    <item name="Compare for Merge Page" url="pag_CompareMerge.htm" />
    <item name="Merge Confirmation Page" url="pag_MergeConfirmation.htm" />
  </book>
</book>
<book name="Add Patient Information" url="ovr_EditingAddingPersons.htm" >
  <item name="Adding Patients" url="prc_AddingPersons.htm" />
  <item name="Adding Extended Patient Information" url="prc_AddingPersonsExtended.htm" />
  <item name="Adding Patients Using the Patient Tab" url="prc_AddingPatientTab.htm" />
  <book name="Pages" >
    <item name="Add Patient - Basic Page" url="pag_AddPerson.htm" />
    <item name="Add Patient - Extended Page" url="pag_AddPersonExtended.htm" />
    <item name="Patient Tab - Add Lab Report Page" url="pag_PatientTabLabNav.htm" />
    <item name="Patient Tab - Add Morbidity Report Page" url="pag_PatientTabMorbNav.htm" />
  </book>
</book>
<book name="Add Provider Information" url="prc_AddingProviders.htm" >
  <item name="Adding Providers" url="prc_AddingProviders.htm" />
  <book name="Pages" >
    <item name="Add Provider Page" url="pag_AddProvider.htm" />
  </book>
</book>
<book name="Add Organization Information" >
  <item name="Adding Organizations" url="prc_AddingOrganizations.htm" />
  <book name="Pages" >
    <item name="Add Organization Page" url="pag_AddOrganization.htm" />
  </book>
</book>
<book name="Edit Patient Information" url="prc_EditPatientInfo.htm" >
  <item name="Editing Patient Information" url="prc_EditPatientInfo.htm" />
  <item name="Deleting a Patient's Record" url="prc_DeletingPersons.htm" />
  <book name="Page" >
    <item name="Edit Patient Page" url="pag_EditPerson.htm" />
    <item name="Patient Delete Denied Page" url="pag_PersonDeleteDenied.htm" />
  </book>
</book>
<book name="Edit Provider Information" >
  <item name="Editing Provider Information" url="prc_EditingProviderInformation.htm" />
  <item name="Inactivating Providers" url="prc_InactivatingProviders.htm" />
  <book name="Pages" >
    <item name="Edit Provider Page" url="pag_EditProvider.htm" />
  </book>
</book>
<book name="Edit Organization Information" >
  <item name="Editing Organization Information" url="prc_EditingOrganizationInformation.htm" />
  <item name="Deleting Organizations" url="prc_DeletingOrganizations.htm" />
  <book name="Pages" >
    <item name="Edit Organization Page" url="pag_EditOrganization.htm" />
    <item name="Organization Delete Denied Page" url="pag_OrganizationDeleteDenied.htm" />
  </book>
</book>
<book name="View Lab Reports" url="prc_ViewingLabReports.htm" >
  <item name="Viewing Lab Reports" url="prc_ViewingLabReports.htm" />
  <item name="Printing Lab Reports" url="pag_PrintingLabReports.htm" />
  <item name="Deleting Lab Reports" url="prc_DeletingObservations.htm" />
  <book name="Pages" >
    <book name="View Lab Report Page" >
      <item name="View Lab Report Page" url="pag_ViewLabReport.htm" />
    </book>
  </book>
</book>
<book name="View Morbidity Reports" >
  <item name="Viewing Morbidity Reports" url="prc_ViewingMorbReports.htm" />
  <item name="Printing Morbidity Reports" url="pag_PrintingMorbidityReport.htm" />
  <item name="Deleting Morbidity Reports" url="prc_DeletingObservations.htm" />
  <book name="Pages" >
    <book name="View Morbidity Report Page" url="pag_ViewObservationMorbidityCard.htm" >
      <item name="Patient Tab - View Morbidity Report Page" url="pag_ViewMorbReportPatientTab.htm" />
      <item name="Report Information Tab - View Morbidity Report Page" url="pag_ViewMorbReportReportInfo.htm" />
    </book>
  </book>
</book>
<book name="View Treatments" url="prc_ViewingTreatments.htm" >
  <item name="Viewing Treatments" url="prc_ViewingTreatments.htm" />
  <item name="Printing Treatments" url="prc_PrintingTreatments.htm" />
  <item name="Deleting Treatments" url="prc_DeletingObservations.htm" />
  <book name="Pages" >
    <item name="View Treatment Page" url="pag_ViewTreatment.htm" />
  </book>
</book>
<book name="View Vaccination Records" url="prc_ViewingVaccinationRecords.htm" >
  <item name="Viewing Vaccinations" url="prc_ViewingVaccinationRecords.htm" />
  <item name="Deleting Vaccinations" url="prc_DeletingVaccinationRecords.htm" />
  <book name="Pages" >
    <book name="View Vaccination Page" url="ref_ViewVacciPage.htm" >
      <item name="Patient Tab - View Vaccination Page" url="pag_PatientTabVacci.htm" />
      <item name="Vaccination Tab - View Vaccination Page" url="pag_ViewVaccineRecord.htm" />
    </book>
  </book>
</book>
<chunk name="View Investigations" url="prc_ViewingInvestigations.htm" ref="whtdata4.xml" />
<book name="Add Lab Reports" url="prc_AddingLabReports.htm" >
  <item name="Adding Lab Reports" url="prc_AddingLabReports.htm" />
  <book name="Pages" >
    <book name="Add Lab Report Page" url="pag_AddLabReport.htm" >
      <item name="Patient Tab - Add Lab Report Page" url="pag_PatientTabLabEvt.htm" />
      <item name="Report Information Tab - Add Lab Report Page" url="pag_AddLabReportReportInfoTab.htm" />
    </book>
  </book>
</book>
<book name="Add Morbidity Reports" url="prc_AddingMorbidityReport.htm" >
  <item name="Adding Morbidity Reports" url="prc_AddingMorbidityReport.htm" />
  <book name="Pages" >
    <book name="Add Morbidity Report Page" url="pag_AddMorbReport.htm" >
      <item name="Patient Tab - Add Morbidity Report Page" url="pag_PatientTabMorbEvt.htm" />
      <item name="Report Information Tab - Add Morbidity Report Page" url="pag_AddObservationMorbidityReport.htm" />
    </book>
  </book>
</book>
<book name="Add Treatments" url="prc_AddingTreatments.htm" >
  <item name="Adding Treatments" url="prc_AddingTreatments.htm" />
  <book name="Pages" url="prc_AddingMorbReportAddTreatInfo.htm" >
    <item name="Add Treatment Page" url="pag_AddTreatment.htm" />
    <item name="Manage Treatments Page" url="pag_ManageTreatmen.htm" />
  </book>
</book>
<book name="Add Vaccinations" url="prc_AddingVaccinationRecords.htm" >
  <item name="Adding Vaccination Records" url="prc_AddingVaccinationRecords.htm" />
  <book name="Pages" >
    <book name="Add Vaccination Page" url="ref_AddVaccination.htm" >
      <item name="Patient Tab - Add Vaccination Page" url="pag_PatientTabAddVacci.htm" />
      <item name="Vaccination Tab - Add Vaccination Page" url="pag_AddVaccinationRecordd.htm" />
    </book>
  </book>
</book>
<chunk name="Add Investigations" url="prc_CreatingInvestigations.htm" ref="whtdata5.xml" />
<book name="Edit Lab Reports" url="prc_EditingObservationsLabResults.htm" >
  <item name="Editing Lab Reports" url="prc_EditingObservationsLabResults.htm" />
  <book name="Pages" >
    <book name="Edit Lab Report Page" url="pag_EditObservationLabResults.htm" >
      <item name="Patient Tab - Edit Lab Report Page" url="pag_EditObservationLabResultsLabOrderInfoTab.htm" />
      <item name="Report Information Tab - Edit Lab Report Page" url="pag_EditObservationLabResultsResultsTab.htm" />
    </book>
  </book>
</book>
<chunk name="Edit Morbidity Reports" url="prc_EditingMorbidityReport.htm" ref="whtdata6.xml" />
<book name="Edit Treatments" >
  <item name="Editing Treatments" url="prc_EditingTreatments.htm" />
  <book name="Pages" >
    <item name="Edit Treatment Page" url="pag_EditTreatment.htm" />
  </book>
</book>
<chunk name="Edit Vaccinations" ref="whtdata7.xml" />
<chunk name="Edit Investigations" ref="whtdata8.xml" />
<chunk name="Review Observations" url="prc_ReviewNewLabReports.htm" ref="whtdata9.xml" />
<chunk name="Assign Observations to an Investigation" url="prc_ManagingObservations.htm" ref="whtdata10.xml" />
<chunk name="Create and Review Notifications" url="ovr_WorkingWithNotifications.htm" ref="whtdata11.xml" />
<chunk name="View and Add Summary Data" url="ovr_SummaryData.htm" ref="whtdata12.xml" />
<chunk name="Run a Report" url="ovr_WorkingWithReports.htm" ref="whtdata13.xml" />
<chunk name="Administer Users and Security" url="ovr_AdministeringUsersRolesPermissionSets.htm" ref="whtdata14.xml" />
<chunk name="Get Help Using the NBS" url="ovr_GettingHelp.htm" ref="whtdata15.xml" />

</tocdata>
