<?xml version='1.0' encoding='ISO-8859-1' ?>
<tocdata>
<item name="Viewing and Selecting Reports" url="prc_ViewingReports.htm" />
<item name="Selecting Basic Filter Criteria" url="prc_ChoosingBasicFilterCriteria.htm" />
<item name="Selecting Advanced Filter Criteria" url="prc_ChoosingAdvancedFilterCriteria.htm" />
<item name="Selecting Columns" url="prc_SelectingColumns.htm" />
<item name="Running Reports" url="prc_RunningReports.htm" />
<item name="Exporting Reports" url="prc_ExportingReports.htm" />
<item name="Saving Reports" url="prc_SavingReports.htm" />
<item name="Deleting Reports" url="prc_DeletingReports.htm" />
<book name="Pages" >
  <book name="Reports Page" >
    <item name="Report List" url="pag_ReportList.htm" />
    <item name="Basic Filter Tab" url="pag_ReportsBasicFilterTab.htm" />
    <item name="Advanced Filter Tab" url="pag_ReportsAdvancedFilterTab.htm" />
    <item name="Column Selection Tab" url="pag_ReportsColumnSelectionTab.htm" />
    <item name="Run Report" url="pag_RunReport.htm" />
    <item name="Save Report" url="pag_SaveReport.htm" />
  </book>
</book>

</tocdata>
