<?xml version='1.0' encoding='ISO-8859-1' ?>
<tocdata>
<item name="Creating Notifications" url="prc_CreatingNotifications.htm" />
<item name="Reviewing Notifications" url="prc_ReviewingNotifications.htm" />
<item name="Adding a Summary Report" url="prc_AddingSummaryReport.htm" />
<book name="Pages" >
  <item name="Create Notification Page" url="pag_CreateNotification.htm" />
  <item name="Review Notifications Page" url="pag_ReviewNotifications.htm" />
  <item name="Summary Reports Page" url="pag_SummaryReports.htm" />
</book>

</tocdata>
